Entity,Year,Renewables (% equivalent primary energy)
Algeria,1965,4.7630677
Algeria,1966,3.518747
Algeria,1967,4.2919536
Algeria,1968,5.4861946
Algeria,1969,3.1827636
Algeria,1970,4.6656837
Algeria,1971,2.4559188
Algeria,1972,3.2783434
Algeria,1973,4.175826
Algeria,1974,2.494738
Algeria,1975,1.3782818
Algeria,1976,1.4010223
Algeria,1977,0.88172823
Algeria,1978,0.6521151
Algeria,1979,0.5792936
Algeria,1980,0.4290016
Algeria,1981,0.5029403
Algeria,1982,0.57087004
Algeria,1983,0.25644946
Algeria,1984,0.51367354
Algeria,1985,0.72826535
Algeria,1986,0.26640448
Algeria,1987,0.5174273
Algeria,1988,0.17717436
Algeria,1989,0.22495823
Algeria,1990,0.1267387
Algeria,1991,0.277607
Algeria,1992,0.18375747
Algeria,1993,0.35028014
Algeria,1994,0.16257899
Algeria,1995,0.1822476
Algeria,1996,0.1288034
Algeria,1997,0.0744559
Algeria,1998,0.20617962
Algeria,1999,0.19274342
Algeria,2000,0.053235482
Algeria,2001,0.065218486
Algeria,2002,0.05167677
Algeria,2003,0.228104
Algeria,2004,0.2067869
Algeria,2005,0.43411878
Algeria,2006,0.16327195
Algeria,2007,0.15990457
Algeria,2008,0.1877543
Algeria,2009,0.21278548
Algeria,2010,0.11513238
Algeria,2011,0.2352599
Algeria,2012,0.22453195
Algeria,2013,0.064763196
Algeria,2014,0.117502466
Algeria,2015,0.096813366
Algeria,2016,0.14580712
Algeria,2017,0.24701829
Algeria,2018,0.28767928
Algeria,2019,0.29474697
Algeria,2020,0.29789943
Algeria,2021,0.26136735
Argentina,1965,1.1027236
Argentina,1966,1.0818976
Argentina,1967,1.0765653
Argentina,1968,1.2273394
Argentina,1969,1.0651699
Argentina,1970,1.3534116
Argentina,1971,1.2703215
Argentina,1972,1.2349966
Argentina,1973,2.2836952
Argentina,1974,3.6298018
Argentina,1975,3.862203
Argentina,1976,3.5544236
Argentina,1977,3.9092395
Argentina,1978,5.2276783
Argentina,1979,6.7023063
Argentina,1980,9.552859
Argentina,1981,9.541531
Argentina,1982,11.229479
Argentina,1983,11.303474
Argentina,1984,12.132671
Argentina,1985,12.759556
Argentina,1986,12.298526
Argentina,1987,12.247486
Argentina,1988,8.417367
Argentina,1989,7.5435934
Argentina,1990,10.292679
Argentina,1991,9.081444
Argentina,1992,10.206743
Argentina,1993,12.216533
Argentina,1994,13.306406
Argentina,1995,12.535519
Argentina,1996,10.225038
Argentina,1997,12.514141
Argentina,1998,11.482152
Argentina,1999,9.226557
Argentina,2000,12.283858
Argentina,2001,15.937488
Argentina,2002,16.249306
Argentina,2003,14.408259
Argentina,2004,12.1855755
Argentina,2005,12.788524
Argentina,2006,13.449462
Argentina,2007,10.599154
Argentina,2008,10.437064
Argentina,2009,11.783506
Argentina,2010,11.661375
Argentina,2011,10.929448
Argentina,2012,10.216426
Argentina,2013,10.950079
Argentina,2014,11.038978
Argentina,2015,10.907397
Argentina,2016,10.167007
Argentina,2017,10.964719
Argentina,2018,11.39763
Argentina,2019,11.926772
Argentina,2020,12.179417
Argentina,2021,11.329249
Australia,1965,5.5626216
Australia,1966,5.0718946
Australia,1967,4.9495487
Australia,1968,4.8654675
Australia,1969,5.086988
Australia,1970,5.4214506
Australia,1971,5.822727
Australia,1972,5.599285
Australia,1973,5.5886645
Australia,1974,5.9551096
Australia,1975,6.297008
Australia,1976,5.7934213
Australia,1977,5.269775
Australia,1978,5.508696
Australia,1979,5.1658406
Australia,1980,4.862272
Australia,1981,4.9303546
Australia,1982,4.6367826
Australia,1983,4.5344815
Australia,1984,4.7184544
Australia,1985,4.863155
Australia,1986,4.7985597
Australia,1987,4.532893
Australia,1988,4.6416802
Australia,1989,4.4199533
Australia,1990,4.459391
Australia,1991,4.7400618
Australia,1992,4.731717
Australia,1993,4.7594285
Australia,1994,4.5271807
Australia,1995,4.239725
Australia,1996,4.236591
Australia,1997,4.1458387
Australia,1998,4.037756
Australia,1999,4.0089335
Australia,2000,3.9888778
Australia,2001,3.870762
Australia,2002,3.9314504
Australia,2003,4.014969
Australia,2004,4.0365605
Australia,2005,4.3135533
Australia,2006,4.233413
Australia,2007,3.9767227
Australia,2008,3.6813264
Australia,2009,3.9202662
Australia,2010,4.3128047
Australia,2011,5.698981
Australia,2012,5.700209
Australia,2013,6.525869
Australia,2014,5.979823
Australia,2015,6.290021
Australia,2016,7.1891756
Australia,2017,6.750127
Australia,2018,8.300061
Australia,2019,8.880722
Australia,2020,10.789811
Australia,2021,12.933532
Austria,1965,25.096407
Austria,1966,25.840193
Austria,1967,26.118929
Austria,1968,25.099165
Austria,1969,22.27537
Austria,1970,24.770256
Austria,1971,19.652302
Austria,1972,19.524147
Austria,1973,20.177391
Austria,1974,23.734528
Austria,1975,25.034246
Austria,1976,20.90532
Austria,1977,25.271305
Austria,1978,24.244625
Austria,1979,25.784454
Austria,1980,26.826015
Austria,1981,29.280653
Austria,1982,30.31977
Austria,1983,30.117788
Austria,1984,26.689833
Austria,1985,29.769283
Austria,1986,30.177656
Austria,1987,32.19381
Austria,1988,32.733265
Austria,1989,32.408577
Austria,1990,28.908686
Austria,1991,27.587187
Austria,1992,31.037273
Austria,1993,32.088085
Austria,1994,31.2963
Austria,1995,31.51592
Austria,1996,28.951206
Austria,1997,29.963467
Austria,1998,30.441696
Austria,1999,32.258
Austria,2000,32.954258
Austria,2001,30.816513
Austria,2002,30.325117
Austria,2003,25.140518
Austria,2004,27.633785
Austria,2005,27.94786
Austria,2006,28.59121
Austria,2007,30.98061
Austria,2008,31.345478
Austria,2009,34.322514
Austria,2010,31.605642
Austria,2011,30.720795
Austria,2012,35.929344
Austria,2013,35.266674
Austria,2014,36.640297
Austria,2015,34.964077
Austria,2016,35.651855
Austria,2017,34.502872
Austria,2018,34.568928
Austria,2019,35.611378
Austria,2020,38.26067
Austria,2021,37.481792
Azerbaijan,1985,1.6519357
Azerbaijan,1986,0.9406938
Azerbaijan,1987,0.9706843
Azerbaijan,1988,0.8420581
Azerbaijan,1989,0.8257338
Azerbaijan,1990,1.88166
Azerbaijan,1991,2.0779731
Azerbaijan,1992,2.4099329
Azerbaijan,1993,3.8572145
Azerbaijan,1994,3.1670034
Azerbaijan,1995,2.8640728
Azerbaijan,1996,3.449877
Azerbaijan,1997,4.0128255
Azerbaijan,1998,4.5553145
Azerbaijan,1999,3.5315983
Azerbaijan,2000,3.446014
Azerbaijan,2001,3.0117817
Azerbaijan,2002,4.7006664
Azerbaijan,2003,5.2779026
Azerbaijan,2004,5.1585817
Azerbaijan,2005,5.1650033
Azerbaijan,2006,4.3662996
Azerbaijan,2007,4.50297
Azerbaijan,2008,4.1847568
Azerbaijan,2009,4.8711276
Azerbaijan,2010,7.311432
Azerbaijan,2011,5.077954
Azerbaijan,2012,3.3373456
Azerbaijan,2013,2.7806928
Azerbaijan,2014,2.433617
Azerbaijan,2015,2.757688
Azerbaijan,2016,3.345908
Azerbaijan,2017,3.0498044
Azerbaijan,2018,3.070157
Azerbaijan,2019,2.674584
Azerbaijan,2020,1.9758317
Azerbaijan,2021,2.2015429
Bangladesh,1971,3.8597577
Bangladesh,1972,3.4065344
Bangladesh,1973,5.024387
Bangladesh,1974,3.4634595
Bangladesh,1975,6.0439763
Bangladesh,1976,5.868124
Bangladesh,1977,5.079776
Bangladesh,1978,5.5367117
Bangladesh,1979,5.8256717
Bangladesh,1980,4.9608803
Bangladesh,1981,5.0166497
Bangladesh,1982,3.8052506
Bangladesh,1983,4.870659
Bangladesh,1984,6.105583
Bangladesh,1985,4.5266814
Bangladesh,1986,2.5327976
Bangladesh,1987,2.6365013
Bangladesh,1988,3.090864
Bangladesh,1989,3.907864
Bangladesh,1990,3.5392714
Bangladesh,1991,3.4776092
Bangladesh,1992,3.0288854
Bangladesh,1993,2.1043289
Bangladesh,1994,2.7616806
Bangladesh,1995,1.0269947
Bangladesh,1996,1.9475641
Bangladesh,1997,1.8034276
Bangladesh,1998,2.0371237
Bangladesh,1999,1.9397291
Bangladesh,2000,1.6270727
Bangladesh,2001,1.8750032
Bangladesh,2002,1.3622075
Bangladesh,2003,1.2784041
Bangladesh,2004,1.2296964
Bangladesh,2005,1.1353458
Bangladesh,2006,1.0463095
Bangladesh,2007,1.0207374
Bangladesh,2008,1.2218128
Bangladesh,2009,0.5117601
Bangladesh,2010,0.8648932
Bangladesh,2011,0.95136946
Bangladesh,2012,0.82564867
Bangladesh,2013,0.7885019
Bangladesh,2014,0.646162
Bangladesh,2015,0.81840855
Bangladesh,2016,0.8060975
Bangladesh,2017,0.8946443
Bangladesh,2018,0.7471175
Bangladesh,2019,0.6751287
Bangladesh,2020,0.6580818
Bangladesh,2021,0.6501469
Belarus,1985,0.0144934775
Belarus,1986,0.012695332
Belarus,1987,0.012513182
Belarus,1988,0.012336069
Belarus,1989,0.012754959
Belarus,1990,0.012691677
Belarus,1991,0.011448725
Belarus,1992,0.012468852
Belarus,1993,0.0166659
Belarus,1994,0.019936154
Belarus,1995,0.023589265
Belarus,1996,0.018399425
Belarus,1997,0.023874052
Belarus,1998,0.032551832
Belarus,1999,0.02270776
Belarus,2000,0.031301863
Belarus,2001,0.035543464
Belarus,2002,0.032997068
Belarus,2003,0.031896286
Belarus,2004,0.034380138
Belarus,2005,0.037284452
Belarus,2006,0.03601279
Belarus,2007,0.049696002
Belarus,2008,0.07290584
Belarus,2009,0.1132527
Belarus,2010,0.1292485
Belarus,2011,0.14303419
Belarus,2012,0.15896934
Belarus,2013,0.22412229
Belarus,2014,0.20674793
Belarus,2015,0.27272683
Belarus,2016,0.34643993
Belarus,2017,0.6887631
Belarus,2018,0.57909614
Belarus,2019,0.70776963
Belarus,2020,0.9897245
Belarus,2021,0.9698578
Belgium,1965,0.19477375
Belgium,1966,0.2222244
Belgium,1967,0.16850357
Belgium,1968,0.15502341
Belgium,1969,0.13315211
Belgium,1970,0.13480939
Belgium,1971,0.07485565
Belgium,1972,0.094584495
Belgium,1973,0.15358603
Belgium,1974,0.19144315
Belgium,1975,0.15560853
Belgium,1976,0.09175518
Belgium,1977,0.26350045
Belgium,1978,0.2591517
Belgium,1979,0.28706482
Belgium,1980,0.31437632
Belgium,1981,0.3818605
Belgium,1982,0.2197636
Belgium,1983,0.21319488
Belgium,1984,0.21372305
Belgium,1985,0.18697688
Belgium,1986,0.24818589
Belgium,1987,0.30061388
Belgium,1988,0.2812286
Belgium,1989,0.2577133
Belgium,1990,0.2747965
Belgium,1991,0.25747994
Belgium,1992,0.2941911
Belgium,1993,0.24665305
Belgium,1994,0.27591464
Belgium,1995,0.30511987
Belgium,1996,0.24272089
Belgium,1997,0.25003463
Belgium,1998,0.31667665
Belgium,1999,0.36021912
Belgium,2000,0.43326905
Belgium,2001,0.44920528
Belgium,2002,0.47973493
Belgium,2003,0.48671454
Belgium,2004,0.6062989
Belgium,2005,0.8666802
Belgium,2006,1.209545
Belgium,2007,1.415252
Belgium,2008,1.7643936
Belgium,2009,2.5214348
Belgium,2010,3.0995507
Belgium,2011,4.0459914
Belgium,2012,5.060075
Belgium,2013,5.3826203
Belgium,2014,6.051173
Belgium,2015,6.6614165
Belgium,2016,6.357454
Belgium,2017,6.910616
Belgium,2018,7.41519
Belgium,2019,7.959382
Belgium,2020,10.637791
Belgium,2021,9.336409
Brazil,1965,27.548721
Brazil,1966,27.618214
Brazil,1967,27.880291
Brazil,1968,25.555754
Brazil,1969,25.05622
Brazil,1970,26.901081
Brazil,1971,26.817772
Brazil,1972,27.390734
Brazil,1973,26.1017
Brazil,1974,26.928135
Brazil,1975,27.995861
Brazil,1976,29.160088
Brazil,1977,31.084343
Brazil,1978,31.529354
Brazil,1979,33.38749
Brazil,1980,36.188007
Brazil,1981,37.50488
Brazil,1982,39.09782
Brazil,1983,41.86777
Brazil,1984,43.21895
Brazil,1985,43.929535
Brazil,1986,43.219524
Brazil,1987,42.77721
Brazil,1988,44.011196
Brazil,1989,44.574318
Brazil,1990,45.275486
Brazil,1991,45.86179
Brazil,1992,44.902706
Brazil,1993,45.15963
Brazil,1994,44.5656
Brazil,1995,44.34581
Brazil,1996,44.08196
Brazil,1997,43.489933
Brazil,1998,43.57197
Brazil,1999,43.143803
Brazil,2000,43.288433
Brazil,2001,39.11162
Brazil,2002,40.756653
Brazil,2003,42.284126
Brazil,2004,42.286156
Brazil,2005,43.1457
Brazil,2006,43.045963
Brazil,2007,44.380226
Brazil,2008,43.366776
Brazil,2009,46.30883
Brazil,2010,44.246536
Brazil,2011,43.91006
Brazil,2012,42.06637
Brazil,2013,39.836597
Brazil,2014,38.852745
Brazil,2015,40.603523
Brazil,2016,43.5387
Brazil,2017,43.280678
Brazil,2018,46.080498
Brazil,2019,47.304844
Brazil,2020,49.47188
Brazil,2021,46.21975
Bulgaria,1965,4.9313707
Bulgaria,1966,4.6229763
Bulgaria,1967,4.003621
Bulgaria,1968,2.311565
Bulgaria,1969,2.9225402
Bulgaria,1970,3.0394955
Bulgaria,1971,2.9434655
Bulgaria,1972,2.761653
Bulgaria,1973,3.2605422
Bulgaria,1974,2.5623977
Bulgaria,1975,2.7339408
Bulgaria,1976,3.108479
Bulgaria,1977,3.5239036
Bulgaria,1978,2.805369
Bulgaria,1979,3.0763478
Bulgaria,1980,3.2677274
Bulgaria,1981,3.231806
Bulgaria,1982,2.6594315
Bulgaria,1983,2.9039197
Bulgaria,1984,2.8398352
Bulgaria,1985,1.9635512
Bulgaria,1986,2.001533
Bulgaria,1987,2.1663287
Bulgaria,1988,2.1662037
Bulgaria,1989,2.265166
Bulgaria,1990,1.7116511
Bulgaria,1991,2.7520618
Bulgaria,1992,2.477391
Bulgaria,1993,2.190292
Bulgaria,1994,1.7196692
Bulgaria,1995,2.5187614
Bulgaria,1996,3.1900234
Bulgaria,1997,3.1750753
Bulgaria,1998,3.721184
Bulgaria,1999,3.7863123
Bulgaria,2000,3.6347754
Bulgaria,2001,2.2708168
Bulgaria,2002,2.9185119
Bulgaria,2003,3.8597226
Bulgaria,2004,4.144022
Bulgaria,2005,5.212998
Bulgaria,2006,4.984425
Bulgaria,2007,3.5105207
Bulgaria,2008,3.5983686
Bulgaria,2009,5.127213
Bulgaria,2010,7.616096
Bulgaria,2011,4.8499665
Bulgaria,2012,6.869961
Bulgaria,2013,9.592919
Bulgaria,2014,9.543798
Bulgaria,2015,10.595034
Bulgaria,2016,9.0498905
Bulgaria,2017,7.619621
Bulgaria,2018,11.799093
Bulgaria,2019,9.948385
Bulgaria,2020,10.692997
Bulgaria,2021,11.486526
Canada,1965,25.138649
Canada,1966,26.194748
Canada,1967,25.610426
Canada,1968,24.47401
Canada,1969,25.521269
Canada,1970,25.025076
Canada,1971,24.927824
Canada,1972,25.893644
Canada,1973,25.552883
Canada,1974,26.811583
Canada,1975,26.156315
Canada,1976,26.332035
Canada,1977,25.808474
Canada,1978,27.05877
Canada,1979,27.297024
Canada,1980,27.539686
Canada,1981,29.403929
Canada,1982,29.416237
Canada,1983,30.499226
Canada,1984,30.855843
Canada,1985,31.611633
Canada,1986,32.04593
Canada,1987,31.649542
Canada,1988,29.611338
Canada,1989,27.817396
Canada,1990,29.480999
Canada,1991,30.499428
Canada,1992,30.51211
Canada,1993,30.450893
Canada,1994,29.927301
Canada,1995,29.888117
Canada,1996,30.879307
Canada,1997,30.284904
Canada,1998,29.307371
Canada,1999,29.588795
Canada,2000,29.767817
Canada,2001,28.20141
Canada,2002,28.546556
Canada,2003,27.180014
Canada,2004,26.827923
Canada,2005,28.265476
Canada,2006,27.616468
Canada,2007,27.694315
Canada,2008,28.590092
Canada,2009,29.20945
Canada,2010,27.789688
Canada,2011,28.62637
Canada,2012,28.976913
Canada,2013,28.941828
Canada,2014,28.14776
Canada,2015,28.764147
Canada,2016,29.6526
Canada,2017,29.67364
Canada,2018,28.814518
Canada,2019,28.586376
Canada,2020,30.54215
Canada,2021,29.88844
Chile,1965,16.010857
Chile,1966,15.744313
Chile,1967,15.76555
Chile,1968,13.261512
Chile,1969,13.893923
Chile,1970,14.088003
Chile,1971,14.758605
Chile,1972,16.941067
Chile,1973,17.183693
Chile,1974,19.690105
Chile,1975,21.933805
Chile,1976,21.624561
Chile,1977,22.024628
Chile,1978,21.673307
Chile,1979,21.54592
Chile,1980,22.060732
Chile,1981,22.26287
Chile,1982,26.589516
Chile,1983,28.068626
Chile,1984,27.7989
Chile,1985,30.296179
Chile,1986,31.164711
Chile,1987,32.0948
Chile,1988,28.36174
Chile,1989,21.771547
Chile,1990,18.957916
Chile,1991,24.084661
Chile,1992,28.35539
Chile,1993,27.52927
Chile,1994,25.954523
Chile,1995,26.028479
Chile,1996,22.551899
Chile,1997,21.909548
Chile,1998,18.059258
Chile,1999,15.275815
Chile,2000,19.573402
Chile,2001,22.04736
Chile,2002,22.61727
Chile,2003,22.010809
Chile,2004,19.768446
Chile,2005,22.415243
Chile,2006,22.566658
Chile,2007,18.706137
Chile,2008,20.915377
Chile,2009,21.777431
Chile,2010,19.264341
Chile,2011,17.502325
Chile,2012,18.09596
Chile,2013,18.432415
Chile,2014,20.193163
Chile,2015,21.427673
Chile,2016,19.706335
Chile,2017,22.405031
Chile,2018,24.343296
Chile,2019,24.144995
Chile,2020,26.557531
Chile,2021,26.518875
China,1965,4.253407
China,1966,3.9831228
China,1967,3.818398
China,1968,4.458871
China,1969,3.7274022
China,1970,3.0095923
China,1971,3.0704048
China,1972,3.2275975
China,1973,3.417015
China,1974,3.7493546
China,1975,3.5038238
China,1976,3.3725684
China,1977,3.228714
China,1978,2.7594638
China,1979,3.0088992
China,1980,3.5661976
China,1981,4.066497
China,1982,4.4212723
China,1983,4.8234906
China,1984,4.515455
China,1985,4.44183
China,1986,4.3385277
China,1987,4.2555475
China,1988,4.3230724
China,1989,4.468027
China,1990,4.7236676
China,1991,4.424778
China,1992,4.4127016
China,1993,4.7578607
China,1994,4.952474
China,1995,5.55382
China,1996,5.143133
China,1997,5.361734
China,1998,5.4277782
China,1999,5.188286
China,2000,5.656925
China,2001,6.618624
China,2002,6.2804885
China,2003,5.3011093
China,2004,5.60094
China,2005,5.554481
China,2006,5.5779824
China,2007,5.718535
China,2008,7.268667
China,2009,6.9355316
China,2010,7.615998
China,2011,7.084204
China,2012,8.522597
China,2013,8.959421
China,2014,10.19733
China,2015,10.787498
China,2016,11.530947
China,2017,12.138821
China,2018,12.807393
China,2019,13.51596
China,2020,14.242872
China,2021,14.946244
Colombia,1965,11.788209
Colombia,1966,12.017394
Colombia,1967,12.580107
Colombia,1968,13.300462
Colombia,1969,14.526139
Colombia,1970,14.817516
Colombia,1971,15.987799
Colombia,1972,15.767954
Colombia,1973,17.170427
Colombia,1974,17.39551
Colombia,1975,19.235607
Colombia,1976,19.407125
Colombia,1977,19.36701
Colombia,1978,20.862885
Colombia,1979,21.545105
Colombia,1980,23.044971
Colombia,1981,22.218885
Colombia,1982,22.697723
Colombia,1983,21.790188
Colombia,1984,23.639833
Colombia,1985,24.441961
Colombia,1986,27.276325
Colombia,1987,27.310854
Colombia,1988,28.748077
Colombia,1989,29.793999
Colombia,1990,32.640934
Colombia,1991,31.6998
Colombia,1992,24.605455
Colombia,1993,27.847397
Colombia,1994,29.809082
Colombia,1995,29.331577
Colombia,1996,31.475914
Colombia,1997,27.334064
Colombia,1998,26.691463
Colombia,1999,31.378248
Colombia,2000,29.556067
Colombia,2001,30.604485
Colombia,2002,32.692554
Colombia,2003,33.389133
Colombia,2004,34.505455
Colombia,2005,35.05353
Colombia,2006,34.14272
Colombia,2007,35.182762
Colombia,2008,33.94141
Colombia,2009,31.377745
Colombia,2010,30.092037
Colombia,2011,34.515675
Colombia,2012,31.746134
Colombia,2013,29.385107
Colombia,2014,28.364685
Colombia,2015,28.021618
Colombia,2016,27.708813
Colombia,2017,32.82906
Colombia,2018,31.99955
Colombia,2019,29.890343
Colombia,2020,30.772787
Colombia,2021,33.02041
Croatia,1990,11.200591
Croatia,1991,20.504862
Croatia,1992,15.994292
Croatia,1993,16.087965
Croatia,1994,18.960316
Croatia,1995,19.14962
Croatia,1996,24.70444
Croatia,1997,18.5449
Croatia,1998,18.053991
Croatia,1999,21.228256
Croatia,2000,19.766573
Croatia,2001,20.78086
Croatia,2002,16.80569
Croatia,2003,14.887934
Croatia,2004,19.899082
Croatia,2005,18.502132
Croatia,2006,17.52409
Croatia,2007,12.365527
Croatia,2008,15.2264805
Croatia,2009,19.643877
Croatia,2010,23.850374
Croatia,2011,15.472614
Croatia,2012,16.519665
Croatia,2013,26.373661
Croatia,2014,28.121477
Croatia,2015,22.36495
Croatia,2016,23.870218
Croatia,2017,20.273584
Croatia,2018,26.73535
Croatia,2019,23.463097
Croatia,2020,25.170088
Croatia,2021,28.271935
Cyprus,1965,0.0
Cyprus,1966,0.0
Cyprus,1967,0.0
Cyprus,1968,0.0
Cyprus,1969,0.0
Cyprus,1970,0.0
Cyprus,1971,0.0
Cyprus,1972,0.0
Cyprus,1973,0.0
Cyprus,1974,0.0
Cyprus,1975,0.0
Cyprus,1976,0.0
Cyprus,1977,0.0
Cyprus,1978,0.0
Cyprus,1979,0.0
Cyprus,1980,0.0
Cyprus,1981,0.0
Cyprus,1982,0.0
Cyprus,1983,0.0
Cyprus,1984,0.0
Cyprus,1985,0.0
Cyprus,1986,0.0
Cyprus,1987,0.0
Cyprus,1988,0.0
Cyprus,1989,0.0
Cyprus,1990,0.0
Cyprus,1991,0.0
Cyprus,1992,0.0
Cyprus,1993,0.0
Cyprus,1994,0.0
Cyprus,1995,0.0
Cyprus,1996,0.0
Cyprus,1997,0.0
Cyprus,1998,0.0
Cyprus,1999,0.0
Cyprus,2000,0.0
Cyprus,2001,0.0
Cyprus,2002,0.0
Cyprus,2003,0.0
Cyprus,2004,0.0069648223
Cyprus,2005,0.0075332997
Cyprus,2006,0.012689397
Cyprus,2007,0.02963039
Cyprus,2008,0.13309906
Cyprus,2009,0.28097296
Cyprus,2010,0.6377341
Cyprus,2011,1.5228559
Cyprus,2012,2.3008752
Cyprus,2013,3.2324405
Cyprus,2014,3.1309736
Cyprus,2015,3.776322
Cyprus,2016,3.6664777
Cyprus,2017,3.6376648
Cyprus,2018,3.8665202
Cyprus,2019,4.2749753
Cyprus,2020,5.661981
Czechia,1965,1.4077873
Czechia,1966,1.3170925
Czechia,1967,1.2057946
Czechia,1968,0.89475876
Czechia,1969,0.7005398
Czechia,1970,0.9598851
Czechia,1971,0.6451211
Czechia,1972,0.67121583
Czechia,1973,0.5706368
Czechia,1974,0.9500237
Czechia,1975,0.9102295
Czechia,1976,0.70589465
Czechia,1977,0.92965907
Czechia,1978,0.8529741
Czechia,1979,1.0576006
Czechia,1980,1.1426238
Czechia,1981,0.9889816
Czechia,1982,0.81085956
Czechia,1983,0.80229473
Czechia,1984,0.6089416
Czechia,1985,0.7824311
Czechia,1986,0.8687312
Czechia,1987,1.1157936
Czechia,1988,0.9459827
Czechia,1989,0.76388884
Czechia,1990,0.6279108
Czechia,1991,0.6470877
Czechia,1992,0.85835934
Czechia,1993,0.99214965
Czechia,1994,1.1369475
Czechia,1995,1.4834487
Czechia,1996,1.3430386
Czechia,1997,1.3685676
Czechia,1998,1.281692
Czechia,1999,1.5926199
Czechia,2000,1.4434271
Czechia,2001,1.5818
Czechia,2002,1.8193735
Czechia,2003,1.0856818
Czechia,2004,1.4602342
Czechia,2005,1.7223583
Czechia,2006,1.9475973
Czechia,2007,1.9150995
Czechia,2008,2.1536171
Czechia,2009,2.7962987
Czechia,2010,3.3554666
Czechia,2011,4.272681
Czechia,2012,4.792661
Czechia,2013,5.6041293
Czechia,2014,5.645436
Czechia,2015,5.8991933
Czechia,2016,5.94577
Czechia,2017,5.815572
Czechia,2018,5.6855097
Czechia,2019,6.1152124
Czechia,2020,6.691049
Czechia,2021,6.497798
Denmark,1965,0.04447716
Denmark,1966,0.040665347
Denmark,1967,0.03888248
Denmark,1968,0.031256683
Denmark,1969,0.028526576
Denmark,1970,0.029206116
Denmark,1971,0.030904578
Denmark,1972,0.029284108
Denmark,1973,0.030267373
Denmark,1974,0.033269178
Denmark,1975,0.02953616
Denmark,1976,0.024274977
Denmark,1977,0.03255087
Denmark,1978,0.037017047
Denmark,1979,0.043281496
Denmark,1980,0.056611072
Denmark,1981,0.065005064
Denmark,1982,0.07215245
Denmark,1983,0.1496665
Denmark,1984,0.15148832
Denmark,1985,0.16285835
Denmark,1986,0.27791977
Denmark,1987,0.37065881
Denmark,1988,0.5722486
Denmark,1989,0.88691425
Denmark,1990,1.2664866
Denmark,1991,1.4587734
Denmark,1992,2.040864
Denmark,1993,2.3619852
Denmark,1994,2.1321414
Denmark,1995,2.313322
Denmark,1996,2.1877265
Denmark,1997,3.3808846
Denmark,1998,4.675769
Denmark,1999,5.3890667
Denmark,2000,7.0956745
Denmark,2001,7.4025154
Denmark,2002,8.586957
Denmark,2003,9.462801
Denmark,2004,11.729121
Denmark,2005,12.488843
Denmark,2006,10.61084
Denmark,2007,12.42254
Denmark,2008,12.6056
Denmark,2009,13.32837
Denmark,2010,15.651074
Denmark,2011,18.64669
Denmark,2012,20.934052
Denmark,2013,21.378275
Denmark,2014,24.633705
Denmark,2015,26.659948
Denmark,2016,25.71348
Denmark,2017,30.301117
Denmark,2018,29.154387
Denmark,2019,32.79566
Denmark,2020,37.272453
Denmark,2021,39.24958
Ecuador,1965,8.505215
Ecuador,1966,9.248206
Ecuador,1967,9.417127
Ecuador,1968,8.330954
Ecuador,1969,8.701673
Ecuador,1970,8.106536
Ecuador,1971,8.015814
Ecuador,1972,7.758966
Ecuador,1973,7.0862336
Ecuador,1974,6.9780536
Ecuador,1975,8.653943
Ecuador,1976,7.57248
Ecuador,1977,5.8732605
Ecuador,1978,7.960053
Ecuador,1979,6.851764
Ecuador,1980,6.642501
Ecuador,1981,5.3501143
Ecuador,1982,5.5936837
Ecuador,1983,10.982115
Ecuador,1984,18.537539
Ecuador,1985,15.903298
Ecuador,1986,18.56394
Ecuador,1987,20.51675
Ecuador,1988,18.759295
Ecuador,1989,18.673532
Ecuador,1990,18.208445
Ecuador,1991,16.781824
Ecuador,1992,16.528347
Ecuador,1993,18.627613
Ecuador,1994,19.351002
Ecuador,1995,16.093634
Ecuador,1996,17.381893
Ecuador,1997,16.071613
Ecuador,1998,15.920069
Ecuador,1999,19.251896
Ecuador,2000,21.613928
Ecuador,2001,19.692354
Ecuador,2002,21.095179
Ecuador,2003,19.533443
Ecuador,2004,18.734905
Ecuador,2005,16.596605
Ecuador,2006,16.25161
Ecuador,2007,19.557272
Ecuador,2008,22.617521
Ecuador,2009,18.929243
Ecuador,2010,15.936485
Ecuador,2011,19.198841
Ecuador,2012,19.840086
Ecuador,2013,17.377462
Ecuador,2014,17.276142
Ecuador,2015,19.640232
Ecuador,2016,23.628025
Ecuador,2017,28.335857
Ecuador,2018,27.386934
Ecuador,2019,31.76902
Ecuador,2020,36.035774
Ecuador,2021,32.3542
Egypt,1965,5.5878944
Egypt,1966,5.5950437
Egypt,1967,7.041625
Egypt,1968,9.956793
Egypt,1969,16.08243
Egypt,1970,15.164636
Egypt,1971,15.877998
Egypt,1972,14.63569
Egypt,1973,15.458052
Egypt,1974,16.143082
Egypt,1975,16.16058
Egypt,1976,15.923643
Egypt,1977,16.571007
Egypt,1978,17.237103
Egypt,1979,15.267534
Egypt,1980,13.69403
Egypt,1981,12.52634
Egypt,1982,11.533038
Egypt,1983,9.980415
Egypt,1984,8.979603
Egypt,1985,8.225812
Egypt,1986,7.8884335
Egypt,1987,7.4370356
Egypt,1988,7.2144046
Egypt,1989,7.3539524
Egypt,1990,7.5208654
Egypt,1991,7.396339
Egypt,1992,7.380686
Egypt,1993,7.595429
Egypt,1994,7.676783
Egypt,1995,7.558946
Egypt,1996,7.361754
Egypt,1997,7.243849
Egypt,1998,7.1541786
Egypt,1999,7.409151
Egypt,2000,7.416068
Egypt,2001,7.225909
Egypt,2002,6.795776
Egypt,2003,5.937698
Egypt,2004,5.634644
Egypt,2005,5.385706
Egypt,2006,5.1723137
Egypt,2007,5.3631554
Egypt,2008,5.414237
Egypt,2009,4.800595
Egypt,2010,4.461719
Egypt,2011,4.3315444
Egypt,2012,4.1802897
Egypt,2013,4.1771846
Egypt,2014,4.1816525
Egypt,2015,4.328853
Egypt,2016,4.131468
Egypt,2017,3.8699906
Egypt,2018,4.0554056
Egypt,2019,5.1698976
Egypt,2020,6.564624
Egypt,2021,6.230571
Estonia,1985,0.0
Estonia,1986,0.0
Estonia,1987,0.0
Estonia,1988,0.0
Estonia,1989,0.0
Estonia,1990,0.0
Estonia,1991,0.0
Estonia,1992,0.0
Estonia,1993,0.0
Estonia,1994,0.0
Estonia,1995,0.030831562
Estonia,1996,0.024195744
Estonia,1997,0.039256863
Estonia,1998,0.06567057
Estonia,1999,0.09331137
Estonia,2000,0.10166839
Estonia,2001,0.09630356
Estonia,2002,0.18708262
Estonia,2003,0.22028498
Estonia,2004,0.28742737
Estonia,2005,0.5005239
Estonia,2006,0.59395134
Estonia,2007,0.5890301
Estonia,2008,0.8455263
Estonia,2009,2.7872162
Estonia,2010,4.3919716
Estonia,2011,4.9312315
Estonia,2012,6.1257634
Estonia,2013,4.7120137
Estonia,2014,5.5141263
Estonia,2015,6.578982
Estonia,2016,6.427242
Estonia,2017,6.830332
Estonia,2018,7.507283
Estonia,2019,9.91299
Estonia,2020,14.138368
Estonia,2021,14.325047
Finland,1965,23.966585
Finland,1966,23.36688
Finland,1967,24.873165
Finland,1968,20.672768
Finland,1969,15.680414
Finland,1970,15.499043
Finland,1971,16.927217
Finland,1972,15.603095
Finland,1973,14.4314785
Finland,1974,18.064272
Finland,1975,17.08967
Finland,1976,12.514572
Finland,1977,15.202662
Finland,1978,11.782436
Finland,1979,12.091409
Finland,1980,11.415307
Finland,1981,15.109192
Finland,1982,14.6664095
Finland,1983,15.364748
Finland,1984,14.383723
Finland,1985,12.764183
Finland,1986,12.675924
Finland,1987,13.406022
Finland,1988,13.070466
Finland,1989,12.690624
Finland,1990,15.044628
Finland,1991,16.643732
Finland,1992,18.367647
Finland,1993,17.727713
Finland,1994,15.916638
Finland,1995,17.851295
Finland,1996,15.462067
Finland,1997,17.178953
Finland,1998,20.300835
Finland,1999,17.990025
Finland,2000,19.702833
Finland,2001,17.716715
Finland,2002,16.264904
Finland,2003,14.593681
Finland,2004,19.509205
Finland,2005,19.46372
Finland,2006,17.534887
Finland,2007,18.869097
Finland,2008,22.427767
Finland,2009,19.18046
Finland,2010,19.647142
Finland,2011,20.955502
Finland,2012,24.975452
Finland,2013,22.647865
Finland,2014,24.728233
Finland,2015,28.137722
Finland,2016,26.58672
Finland,2017,28.707514
Finland,2018,28.641554
Finland,2019,29.214561
Finland,2020,33.16851
Finland,2021,34.61129
France,1965,10.584984
France,1966,11.602393
France,1967,9.537199
France,1968,10.09288
France,1969,9.634168
France,1970,9.537436
France,1971,7.9428425
France,1972,7.446317
France,1973,6.7090616
France,1974,8.01622
France,1975,9.053055
France,1976,6.8996778
France,1977,10.595119
France,1978,9.109527
France,1979,8.611678
France,1980,9.114398
France,1981,9.551752
France,1982,9.705157
France,1983,9.325617
France,1984,8.554503
France,1985,7.887791
France,1986,7.7647924
France,1987,8.584645
France,1988,9.174313
France,1989,5.5997367
France,1990,6.222641
France,1991,6.2665405
France,1992,7.399244
France,1993,6.9688835
France,1994,8.563506
France,1995,7.823903
France,1996,6.882894
France,1997,6.803889
France,1998,6.470214
France,1999,7.388863
France,2000,6.7445607
France,2001,7.405367
France,2002,6.175621
France,2003,5.962182
France,2004,5.970315
France,2005,5.365334
France,2006,5.969732
France,2007,6.6387134
France,2008,7.6322675
France,2009,7.70645
France,2010,8.220292
France,2011,7.185518
France,2012,9.137363
France,2013,10.4594345
France,2014,10.459279
France,2015,10.147399
France,2016,10.975246
France,2017,10.437264
France,2018,12.132495
France,2019,12.384905
France,2020,14.788747
France,2021,13.671011
Germany,1965,1.614503
Germany,1966,1.7416129
Germany,1967,1.6582538
Germany,1968,1.5761398
Germany,1969,1.1857672
Germany,1970,1.5171292
Germany,1971,1.1796806
Germany,1972,1.1219959
Germany,1973,1.2137141
Germany,1974,1.4188614
Germany,1975,1.4353294
Germany,1976,1.1208524
Germany,1977,1.3967295
Germany,1978,1.408961
Germany,1979,1.3454018
Germany,1980,1.4781905
Germany,1981,1.5739785
Germany,1982,1.6178513
Germany,1983,1.4992614
Germany,1984,1.4371842
Germany,1985,1.3216147
Germany,1986,1.4105299
Germany,1987,1.5094993
Germany,1988,1.5009333
Germany,1989,1.3991727
Germany,1990,1.33694
Germany,1991,1.2709577
Germany,1992,1.5204551
Germany,1993,1.5835441
Germany,1994,1.7396334
Germany,1995,1.8891898
Germany,1996,1.6823945
Germany,1997,1.8035167
Germany,1998,1.970565
Germany,1999,2.2275858
Germany,2000,2.8871117
Germany,2001,2.9411676
Germany,2002,3.538632
Germany,2003,3.6419897
Germany,2004,4.5165977
Germany,2005,5.2084193
Germany,2006,6.0263047
Germany,2007,7.6538334
Germany,2008,7.8176284
Germany,2009,8.45428
Germany,2010,8.792469
Germany,2011,10.566965
Germany,2012,11.899699
Germany,2013,12.063335
Germany,2014,13.278847
Germany,2015,14.823544
Germany,2016,14.607312
Germany,2017,16.196213
Germany,2018,17.084951
Germany,2019,18.768305
Germany,2020,21.122828
Germany,2021,19.453121
Greece,1965,2.9926248
Greece,1966,5.9037366
Greece,1967,5.1454077
Greece,1968,4.0803204
Greece,1969,5.802621
Greece,1970,6.6985598
Greece,1971,5.6566277
Greece,1972,5.0900455
Greece,1973,3.6736455
Greece,1974,3.9671507
Greece,1975,3.004863
Greece,1976,2.5362146
Greece,1977,2.501576
Greece,1978,3.8218632
Greece,1979,5.1934614
Greece,1980,5.006544
Greece,1981,5.126492
Greece,1982,5.2865105
Greece,1983,3.454517
Greece,1984,4.0465713
Greece,1985,3.7546213
Greece,1986,4.3210115
Greece,1987,3.396962
Greece,1988,2.7383277
Greece,1989,2.0288122
Greece,1990,1.8226951
Greece,1991,3.1458604
Greece,1992,2.2052267
Greece,1993,2.2926176
Greece,1994,2.5512795
Greece,1995,3.3267503
Greece,1996,3.991272
Greece,1997,3.4691076
Greece,1998,3.1588402
Greece,1999,3.964062
Greece,2000,3.2847326
Greece,2001,2.296041
Greece,2002,2.7831922
Greece,2003,4.297642
Greece,2004,4.291226
Greece,2005,4.6003256
Greece,2006,5.32195
Greece,2007,3.1136858
Greece,2008,3.9871402
Greece,2009,5.8433247
Greece,2010,7.824593
Greece,2011,6.159234
Greece,2012,8.102894
Greece,2013,12.095451
Greece,2014,10.859847
Greece,2015,13.008345
Greece,2016,13.225245
Greece,2017,14.015645
Greece,2018,13.455227
Greece,2019,13.694194
Greece,2020,16.707697
Greece,2021,19.391674
Hong Kong,1965,0.0
Hong Kong,1966,0.0
Hong Kong,1967,0.0
Hong Kong,1968,0.0
Hong Kong,1969,0.0
Hong Kong,1970,0.0
Hong Kong,1971,0.0
Hong Kong,1972,0.0
Hong Kong,1973,0.0
Hong Kong,1974,0.0
Hong Kong,1975,0.0
Hong Kong,1976,0.0
Hong Kong,1977,0.0
Hong Kong,1978,0.0
Hong Kong,1979,0.0
Hong Kong,1980,0.0
Hong Kong,1981,0.0
Hong Kong,1982,0.0
Hong Kong,1983,0.0
Hong Kong,1984,0.0
Hong Kong,1985,0.0
Hong Kong,1986,0.0
Hong Kong,1987,0.0
Hong Kong,1988,0.0
Hong Kong,1989,0.0
Hong Kong,1990,0.0
Hong Kong,1991,0.0
Hong Kong,1992,0.0
Hong Kong,1993,0.0
Hong Kong,1994,0.0
Hong Kong,1995,0.0
Hong Kong,1996,0.0
Hong Kong,1997,0.0
Hong Kong,1998,0.0
Hong Kong,1999,0.0
Hong Kong,2000,0.0
Hong Kong,2001,0.0
Hong Kong,2002,0.0
Hong Kong,2003,0.0
Hong Kong,2004,0.0
Hong Kong,2005,0.0
Hong Kong,2006,0.0006911576
Hong Kong,2007,0.000804969
Hong Kong,2008,0.0008013578
Hong Kong,2009,0.0009893064
Hong Kong,2010,0.040526018
Hong Kong,2011,0.044920437
Hong Kong,2012,0.044864498
Hong Kong,2013,0.038566995
Hong Kong,2014,0.046603356
Hong Kong,2015,0.059699725
Hong Kong,2016,0.06550138
Hong Kong,2017,0.06267911
Hong Kong,2018,0.06412575
Hong Kong,2019,0.07460387
Hong Kong,2020,0.10073566
Hong Kong,2021,0.108698964
Hungary,1965,0.11989386
Hungary,1966,0.15773733
Hungary,1967,0.13554126
Hungary,1968,0.14179073
Hungary,1969,0.14133148
Hungary,1970,0.12151648
Hungary,1971,0.128392
Hungary,1972,0.14248806
Hungary,1973,0.120818384
Hungary,1974,0.09401585
Hungary,1975,0.17870052
Hungary,1976,0.1693199
Hungary,1977,0.14541946
Hungary,1978,0.12593117
Hungary,1979,0.13454616
Hungary,1980,0.10290331
Hungary,1981,0.15593338
Hungary,1982,0.14692831
Hungary,1983,0.1457432
Hungary,1984,0.16569237
Hungary,1985,0.13748026
Hungary,1986,0.13723414
Hungary,1987,0.14415859
Hungary,1988,0.14756292
Hungary,1989,0.14161773
Hungary,1990,0.17966974
Hungary,1991,0.21547885
Hungary,1992,0.21209235
Hungary,1993,0.21881689
Hungary,1994,0.21855822
Hungary,1995,0.23041439
Hungary,1996,0.26410878
Hungary,1997,0.28335416
Hungary,1998,0.22453971
Hungary,1999,0.2573081
Hungary,2000,0.26188785
Hungary,2001,0.26927036
Hungary,2002,0.24771267
Hungary,2003,0.3591855
Hungary,2004,1.0114942
Hungary,2005,1.9106504
Hungary,2006,1.5408134
Hungary,2007,1.9637135
Hungary,2008,2.4881732
Hungary,2009,3.3081076
Hungary,2010,3.356313
Hungary,2011,3.0736933
Hungary,2012,3.186504
Hungary,2013,3.550579
Hungary,2014,4.012245
Hungary,2015,3.8928456
Hungary,2016,3.8303542
Hungary,2017,3.8641884
Hungary,2018,4.1346164
Hungary,2019,4.9454613
Hungary,2020,5.8162417
Hungary,2021,6.819573
Iceland,1965,24.983986
Iceland,1966,23.200014
Iceland,1967,24.937162
Iceland,1968,24.370615
Iceland,1969,30.625391
Iceland,1970,41.689293
Iceland,1971,41.70726
Iceland,1972,42.6058
Iceland,1973,45.067017
Iceland,1974,47.447186
Iceland,1975,48.562763
Iceland,1976,50.019867
Iceland,1977,50.608696
Iceland,1978,50.14911
Iceland,1979,52.477844
Iceland,1980,55.954315
Iceland,1981,56.7724
Iceland,1982,61.470432
Iceland,1983,62.748474
Iceland,1984,62.04727
Iceland,1985,61.471844
Iceland,1986,62.145615
Iceland,1987,61.632626
Iceland,1988,62.10895
Iceland,1989,60.840477
Iceland,1990,60.333626
Iceland,1991,61.54583
Iceland,1992,60.99951
Iceland,1993,61.05936
Iceland,1994,61.05491
Iceland,1995,61.592953
Iceland,1996,59.821136
Iceland,1997,62.260468
Iceland,1998,64.60303
Iceland,1999,67.37353
Iceland,2000,67.80518
Iceland,2001,69.64024
Iceland,2002,69.7559
Iceland,2003,69.68164
Iceland,2004,68.89618
Iceland,2005,68.649345
Iceland,2006,70.91828
Iceland,2007,74.30169
Iceland,2008,81.15162
Iceland,2009,82.5026
Iceland,2010,83.07628
Iceland,2011,83.27399
Iceland,2012,83.54047
Iceland,2013,83.09186
Iceland,2014,82.747856
Iceland,2015,81.80247
Iceland,2016,79.91398
Iceland,2017,78.81927
Iceland,2018,77.96496
Iceland,2019,80.09719
Iceland,2020,86.836586
Iceland,2021,86.874535
India,1965,9.149455
India,1966,9.270712
India,1967,10.058605
India,1968,10.8575325
India,1969,10.873967
India,1970,11.78412
India,1971,12.426771
India,1972,11.463117
India,1973,11.957463
India,1974,10.860853
India,1975,12.067704
India,1976,12.036798
India,1977,12.415875
India,1978,14.818278
India,1979,13.540278
India,1980,13.453117
India,1981,12.948172
India,1982,11.035112
India,1983,10.110921
India,1984,10.576085
India,1985,9.670784
India,1986,9.167619
India,1987,8.030696
India,1988,8.2299185
India,1989,8.742304
India,1990,8.542831
India,1991,9.029864
India,1992,8.140623
India,1993,8.035937
India,1994,8.667226
India,1995,7.6867676
India,1996,6.789633
India,1997,6.5708995
India,1998,7.3818183
India,1999,7.1245966
India,2000,6.3762894
India,2001,5.9925246
India,2002,5.731832
India,2003,5.6240616
India,2004,7.460849
India,2005,6.8943167
India,2006,7.7062397
India,2007,7.8556447
India,2008,7.2570653
India,2009,6.4735703
India,2010,6.583671
India,2011,7.501343
India,2012,6.727289
India,2013,7.329665
India,2014,7.344336
India,2015,7.1846457
India,2016,7.0113974
India,2017,7.511875
India,2018,7.9128056
India,2019,8.849619
India,2020,9.730037
India,2021,9.31085
Indonesia,1965,6.385928
Indonesia,1966,8.364608
Indonesia,1967,9.505835
Indonesia,1968,11.010139
Indonesia,1969,10.201886
Indonesia,1970,11.570672
Indonesia,1971,4.00115
Indonesia,1972,3.373836
Indonesia,1973,3.7743795
Indonesia,1974,3.9022942
Indonesia,1975,3.3421185
Indonesia,1976,1.86724
Indonesia,1977,2.3478298
Indonesia,1978,1.4906298
Indonesia,1979,1.4562846
Indonesia,1980,1.22723
Indonesia,1981,1.1406815
Indonesia,1982,1.2204516
Indonesia,1983,1.7323705
Indonesia,1984,1.7180939
Indonesia,1985,1.9808587
Indonesia,1986,2.9868257
Indonesia,1987,2.9112306
Indonesia,1988,3.028997
Indonesia,1989,3.4081194
Indonesia,1990,3.7318633
Indonesia,1991,3.81247
Indonesia,1992,4.4085426
Indonesia,1993,3.8476534
Indonesia,1994,3.5212233
Indonesia,1995,3.5392697
Indonesia,1996,3.5088153
Indonesia,1997,2.4772785
Indonesia,1998,4.0149045
Indonesia,1999,3.852458
Indonesia,2000,3.7336404
Indonesia,2001,4.1123867
Indonesia,2002,3.6838136
Indonesia,2003,3.2210946
Indonesia,2004,3.4259636
Indonesia,2005,3.5274262
Indonesia,2006,3.2203085
Indonesia,2007,3.370551
Indonesia,2008,3.586532
Indonesia,2009,3.655174
Indonesia,2010,4.326221
Indonesia,2011,3.3885977
Indonesia,2012,3.4713633
Indonesia,2013,4.3306036
Indonesia,2014,4.4786325
Indonesia,2015,3.7929575
Indonesia,2016,5.47902
Indonesia,2017,5.283774
Indonesia,2018,7.393458
Indonesia,2019,7.870309
Indonesia,2020,9.8601465
Indonesia,2021,10.385715
Iran,1965,5.225076
Iran,1966,5.1514864
Iran,1967,5.041223
Iran,1968,4.931734
Iran,1969,4.8371115
Iran,1970,4.4152985
Iran,1971,4.3325543
Iran,1972,5.0189476
Iran,1973,3.5577044
Iran,1974,3.4556205
Iran,1975,3.1140482
Iran,1976,3.0952492
Iran,1977,2.8250146
Iran,1978,4.5260034
Iran,1979,3.6342711
Iran,1980,4.064726
Iran,1981,4.4219165
Iran,1982,4.111237
Iran,1983,3.388465
Iran,1984,2.9317567
Iran,1985,2.7088304
Iran,1986,3.4556096
Iran,1987,3.5734787
Iran,1988,3.6968005
Iran,1989,2.7610443
Iran,1990,2.6902497
Iran,1991,1.8835832
Iran,1992,2.7959175
Iran,1993,3.4577885
Iran,1994,2.0214617
Iran,1995,2.326306
Iran,1996,2.2645998
Iran,1997,1.4810699
Iran,1998,1.7921339
Iran,1999,1.149869
Iran,2000,0.8082891
Iran,2001,0.8181908
Iran,2002,1.4433478
Iran,2003,1.6837654
Iran,2004,1.8843323
Iran,2005,2.1426387
Iran,2006,2.500738
Iran,2007,2.2706358
Iran,2008,0.92359346
Iran,2009,0.81369674
Iran,2010,1.1950724
Iran,2011,1.189808
Iran,2012,1.3722979
Iran,2013,1.5257099
Iran,2014,1.4402106
Iran,2015,1.3088065
Iran,2016,1.446506
Iran,2017,1.5620874
Iran,2018,0.9227302
Iran,2019,2.83683
Iran,2020,1.9643506
Iran,2021,1.2903937
Iraq,1965,0.9088937
Iraq,1966,1.0816305
Iraq,1967,1.2241523
Iraq,1968,1.3923404
Iraq,1969,1.3289313
Iraq,1970,1.3015628
Iraq,1971,1.3798673
Iraq,1972,1.1780089
Iraq,1973,1.7372402
Iraq,1974,2.4466267
Iraq,1975,2.5798507
Iraq,1976,2.0427802
Iraq,1977,2.4060905
Iraq,1978,3.0567932
Iraq,1979,3.5280182
Iraq,1980,2.0129209
Iraq,1981,1.9036806
Iraq,1982,1.8080083
Iraq,1983,1.5740337
Iraq,1984,1.4442425
Iraq,1985,1.2590632
Iraq,1986,1.0752139
Iraq,1987,3.9494467
Iraq,1988,3.4105723
Iraq,1989,3.0038674
Iraq,1990,5.7843523
Iraq,1991,4.2872925
Iraq,1992,6.584853
Iraq,1993,5.861052
Iraq,1994,5.2431145
Iraq,1995,5.992914
Iraq,1996,5.454255
Iraq,1997,4.675355
Iraq,1998,5.869804
Iraq,1999,4.7001114
Iraq,2000,2.9294536
Iraq,2001,3.0164843
Iraq,2002,3.8850465
Iraq,2003,4.5359826
Iraq,2004,5.081916
Iraq,2005,4.544925
Iraq,2006,4.7386
Iraq,2007,4.2728944
Iraq,2008,2.3818684
Iraq,2009,2.3280268
Iraq,2010,2.637557
Iraq,2011,2.3962152
Iraq,2012,2.8232703
Iraq,2013,2.676
Iraq,2014,1.7387189
Iraq,2015,1.610299
Iraq,2016,1.8365394
Iraq,2017,1.1253452
Iraq,2018,0.9119535
Iraq,2019,2.2772882
Iraq,2020,1.646885
Iraq,2021,1.502491
Ireland,1965,4.1168256
Ireland,1966,3.3116634
Ireland,1967,2.8878038
Ireland,1968,2.3684356
Ireland,1969,1.788348
Ireland,1970,3.130313
Ireland,1971,1.7471479
Ireland,1972,2.440847
Ireland,1973,2.1648736
Ireland,1974,2.630475
Ireland,1975,1.8612478
Ireland,1976,2.0663717
Ireland,1977,2.432969
Ireland,1978,2.1924868
Ireland,1979,2.3525975
Ireland,1980,2.4655998
Ireland,1981,2.5970182
Ireland,1982,2.4390516
Ireland,1983,2.4031906
Ireland,1984,2.1390052
Ireland,1985,2.4875605
Ireland,1986,2.5271845
Ireland,1987,1.8662728
Ireland,1988,2.3837883
Ireland,1989,1.8510284
Ireland,1990,1.7610795
Ireland,1991,1.8195367
Ireland,1992,1.9909809
Ireland,1993,1.849106
Ireland,1994,2.141104
Ireland,1995,1.630657
Ireland,1996,1.6184038
Ireland,1997,1.6524464
Ireland,1998,2.2163975
Ireland,1999,2.014281
Ireland,2000,2.0416548
Ireland,2001,1.6617
Ireland,2002,2.22865
Ireland,2003,1.8775274
Ireland,2004,2.256778
Ireland,2005,2.88465
Ireland,2006,3.701902
Ireland,2007,4.042659
Ireland,2008,5.1767683
Ireland,2009,6.4529405
Ireland,2010,5.8530927
Ireland,2011,8.820141
Ireland,2012,8.679478
Ireland,2013,9.441345
Ireland,2014,10.700231
Ireland,2015,12.265226
Ireland,2016,11.26935
Ireland,2017,13.157302
Ireland,2018,14.717063
Ireland,2019,16.911177
Ireland,2020,20.549843
Ireland,2021,17.581884
Israel,1965,0.0
Israel,1966,0.0
Israel,1967,0.0
Israel,1968,0.0
Israel,1969,0.0
Israel,1970,0.0
Israel,1971,0.0
Israel,1972,0.0
Israel,1973,0.0
Israel,1974,0.0
Israel,1975,0.0
Israel,1976,0.0
Israel,1977,0.0
Israel,1978,0.0
Israel,1979,0.0
Israel,1980,0.0
Israel,1981,0.006283872
Israel,1982,0.0058150543
Israel,1983,0.0028920302
Israel,1984,0.00558459
Israel,1985,0.0060216025
Israel,1986,0.017173585
Israel,1987,0.026678516
Israel,1988,0.024891874
Israel,1989,0.007130022
Israel,1990,0.006861734
Israel,1991,0.013520726
Israel,1992,0.055974927
Israel,1993,0.046211716
Israel,1994,0.03918334
Israel,1995,0.03786924
Israel,1996,0.035080772
Israel,1997,0.03341767
Israel,1998,0.031755347
Israel,1999,0.040444106
Israel,2000,0.040315732
Israel,2001,0.025859207
Israel,2002,0.040297464
Israel,2003,0.052213624
Israel,2004,0.046136867
Israel,2005,0.04562039
Israel,2006,0.029145408
Israel,2007,0.026579969
Israel,2008,0.035232626
Israel,2009,0.114865705
Israel,2010,0.18728304
Israel,2011,0.31869283
Israel,2012,0.48113036
Israel,2013,0.5884291
Israel,2014,1.0096922
Israel,2015,1.2998136
Israel,2016,1.7576799
Israel,2017,1.7236598
Israel,2018,1.8638786
Israel,2019,2.9192069
Israel,2020,4.053859
Israel,2021,5.132294
Italy,1965,14.399823
Italy,1966,13.78976
Italy,1967,12.396455
Italy,1968,11.592197
Italy,1969,10.465505
Italy,1970,9.408058
Italy,1971,8.673787
Italy,1972,8.6231785
Italy,1973,7.5719647
Italy,1974,7.7026577
Italy,1975,8.419504
Italy,1976,7.6167636
Italy,1977,9.689524
Italy,1978,8.498705
Italy,1979,8.319645
Italy,1980,8.439497
Italy,1981,8.140425
Italy,1982,8.032729
Italy,1983,8.177463
Italy,1984,8.236616
Italy,1985,7.9867015
Italy,1986,7.8285484
Italy,1987,7.361894
Italy,1988,7.3950276
Italy,1989,6.0182905
Italy,1990,5.5439982
Italy,1991,7.020092
Italy,1992,7.082339
Italy,1993,7.1479244
Italy,1994,7.6455245
Italy,1995,6.312266
Italy,1996,7.0418596
Italy,1997,6.921144
Italy,1998,6.8061547
Italy,1999,7.3128424
Italy,2000,7.1556435
Italy,2001,7.6085052
Italy,2002,6.7783766
Italy,2003,6.33908
Italy,2004,7.220357
Italy,2005,6.4335437
Italy,2006,6.7299886
Italy,2007,6.4319706
Italy,2008,8.19532
Italy,2009,10.585501
Italy,2010,11.43081
Italy,2011,12.443047
Italy,2012,14.165737
Italy,2013,17.610695
Italy,2014,19.739761
Italy,2015,17.334675
Italy,2016,17.009197
Italy,2017,16.149738
Italy,2018,17.727497
Italy,2019,17.93995
Italy,2020,19.721262
Italy,2021,18.36226
Japan,1965,12.335087
Japan,1966,11.651081
Japan,1967,8.7938595
Japan,1968,8.451984
Japan,1969,7.6118827
Japan,1970,6.8364344
Japan,1971,7.1661816
Japan,1972,6.9147363
Japan,1973,4.894682
Japan,1974,6.03098
Japan,1975,6.3732066
Japan,1976,6.1613503
Japan,1977,5.355945
Japan,1978,4.956838
Japan,1979,5.5059476
Japan,1980,6.194887
Japan,1981,6.2369404
Japan,1982,6.7352734
Japan,1983,6.9266505
Japan,1984,5.621934
Japan,1985,6.3616724
Japan,1986,6.29662
Japan,1987,5.851933
Japan,1988,6.5230265
Japan,1989,6.458432
Japan,1990,5.605645
Japan,1991,5.9171295
Japan,1992,5.080175
Japan,1993,5.6661205
Japan,1994,4.097034
Japan,1995,4.652009
Japan,1996,4.532676
Japan,1997,4.9516325
Japan,1998,5.170876
Japan,1999,4.8562875
Japan,2000,4.8274536
Japan,2001,4.716366
Japan,2002,4.702637
Japan,2003,5.3320413
Japan,2004,5.25767
Japan,2005,4.790323
Japan,2006,5.3090086
Japan,2007,4.7619534
Japan,2008,4.830859
Japan,2009,5.021396
Japan,2010,5.684884
Japan,2011,5.733157
Japan,2012,5.6502047
Japan,2013,6.1299677
Japan,2014,6.9359174
Japan,2015,8.068797
Japan,2016,7.9758606
Japan,2017,8.634004
Japan,2018,9.322305
Japan,2019,9.565927
Japan,2020,11.155339
Japan,2021,11.428995
Kazakhstan,1985,1.9355252
Kazakhstan,1986,1.7365297
Kazakhstan,1987,2.035726
Kazakhstan,1988,2.3956873
Kazakhstan,1989,2.5382574
Kazakhstan,1990,2.534389
Kazakhstan,1991,2.4798362
Kazakhstan,1992,2.3956668
Kazakhstan,1993,3.0152724
Kazakhstan,1994,4.0728307
Kazakhstan,1995,4.114585
Kazakhstan,1996,4.1591706
Kazakhstan,1997,4.181545
Kazakhstan,1998,4.1937065
Kazakhstan,1999,4.455529
Kazakhstan,2000,6.0228243
Kazakhstan,2001,5.704264
Kazakhstan,2002,6.120414
Kazakhstan,2003,5.3825555
Kazakhstan,2004,4.701576
Kazakhstan,2005,4.4324117
Kazakhstan,2006,4.047025
Kazakhstan,2007,3.8181744
Kazakhstan,2008,3.2849119
Kazakhstan,2009,3.3547347
Kazakhstan,2010,3.6240573
Kazakhstan,2011,3.1190946
Kazakhstan,2012,2.8572173
Kazakhstan,2013,2.8628833
Kazakhstan,2014,2.982452
Kazakhstan,2015,3.5664272
Kazakhstan,2016,4.4041133
Kazakhstan,2017,4.0426664
Kazakhstan,2018,3.3888385
Kazakhstan,2019,3.468928
Kazakhstan,2020,3.9000363
Kazakhstan,2021,3.988574
Kuwait,1965,0.0
Kuwait,1966,0.0
Kuwait,1967,0.0
Kuwait,1968,0.0
Kuwait,1969,0.0
Kuwait,1970,0.0
Kuwait,1971,0.0
Kuwait,1972,0.0
Kuwait,1973,0.0
Kuwait,1974,0.0
Kuwait,1975,0.0
Kuwait,1976,0.0
Kuwait,1977,0.0
Kuwait,1978,0.0
Kuwait,1979,0.0
Kuwait,1980,0.0
Kuwait,1981,0.0
Kuwait,1982,0.0
Kuwait,1983,0.0
Kuwait,1984,0.0
Kuwait,1985,0.0
Kuwait,1986,0.0
Kuwait,1987,0.0
Kuwait,1988,0.0
Kuwait,1989,0.0
Kuwait,1990,0.0
Kuwait,1991,0.0
Kuwait,1992,0.0
Kuwait,1993,0.0
Kuwait,1994,0.0
Kuwait,1995,0.0
Kuwait,1996,0.0
Kuwait,1997,0.0
Kuwait,1998,0.0
Kuwait,1999,0.0
Kuwait,2000,0.0
Kuwait,2001,0.0
Kuwait,2002,0.0
Kuwait,2003,0.0
Kuwait,2004,0.0
Kuwait,2005,0.0
Kuwait,2006,0.0
Kuwait,2007,0.0
Kuwait,2008,0.0
Kuwait,2009,0.0
Kuwait,2010,0.0
Kuwait,2011,0.0
Kuwait,2012,0.0
Kuwait,2013,0.00011575123
Kuwait,2014,0.0020358341
Kuwait,2015,0.003018346
Kuwait,2016,0.029127507
Kuwait,2017,0.040029116
Kuwait,2018,0.03133408
Kuwait,2019,0.034184188
Kuwait,2020,0.036519468
Latvia,1985,8.286785
Latvia,1986,8.983883
Latvia,1987,12.136782
Latvia,1988,10.432146
Latvia,1989,12.539953
Latvia,1990,15.375504
Latvia,1991,12.153859
Latvia,1992,13.070239
Latvia,1993,17.300793
Latvia,1994,20.52125
Latvia,1995,19.486258
Latvia,1996,13.271234
Latvia,1997,20.917948
Latvia,1998,28.085608
Latvia,1999,21.13872
Latvia,2000,22.118162
Latvia,2001,20.512127
Latvia,2002,17.687973
Latvia,2003,16.751474
Latvia,2004,20.242414
Latvia,2005,20.853584
Latvia,2006,17.836657
Latvia,2007,17.445015
Latvia,2008,19.558802
Latvia,2009,22.685837
Latvia,2010,20.36604
Latvia,2011,19.268509
Latvia,2012,24.73715
Latvia,2013,22.284588
Latvia,2014,19.171963
Latvia,2015,18.8834
Latvia,2016,21.902061
Latvia,2017,30.69509
Latvia,2018,22.432663
Latvia,2019,19.92988
Latvia,2020,24.768972
Latvia,2021,23.917372
Lithuania,1985,0.6436673
Lithuania,1986,0.68190074
Lithuania,1987,0.6134985
Lithuania,1988,0.62018806
Lithuania,1989,0.57254976
Lithuania,1990,0.60637385
Lithuania,1991,0.46828854
Lithuania,1992,0.70343685
Lithuania,1993,1.1366833
Lithuania,1994,1.5146508
Lithuania,1995,1.1186972
Lithuania,1996,0.898502
Lithuania,1997,0.8816193
Lithuania,1998,1.1615424
Lithuania,1999,1.386784
Lithuania,2000,1.2857236
Lithuania,2001,1.0550188
Lithuania,2002,1.0718007
Lithuania,2003,0.94520015
Lithuania,2004,1.1986761
Lithuania,2005,1.4099654
Lithuania,2006,1.3948395
Lithuania,2007,1.6962823
Lithuania,2008,1.7692844
Lithuania,2009,2.186495
Lithuania,2010,3.9403253
Lithuania,2011,4.594768
Lithuania,2012,4.8736596
Lithuania,2013,6.826762
Lithuania,2014,7.0076375
Lithuania,2015,7.4305215
Lithuania,2016,8.9710455
Lithuania,2017,10.216778
Lithuania,2018,8.702936
Lithuania,2019,9.697966
Lithuania,2020,10.144763
Lithuania,2021,9.490351
Luxembourg,1965,0.6112312
Luxembourg,1966,0.57401013
Luxembourg,1967,0.65776145
Luxembourg,1968,0.621158
Luxembourg,1969,0.50225776
Luxembourg,1970,0.53466296
Luxembourg,1971,0.31431046
Luxembourg,1972,0.35941935
Luxembourg,1973,0.2993406
Luxembourg,1974,0.4354034
Luxembourg,1975,0.45285678
Luxembourg,1976,0.2848827
Luxembourg,1977,0.69326395
Luxembourg,1978,0.6544174
Luxembourg,1979,0.69214594
Luxembourg,1980,0.77743924
Luxembourg,1981,0.99061763
Luxembourg,1982,0.9594649
Luxembourg,1983,1.0039245
Luxembourg,1984,1.0007658
Luxembourg,1985,0.81546617
Luxembourg,1986,0.9784458
Luxembourg,1987,1.227454
Luxembourg,1988,1.1297141
Luxembourg,1989,0.7626809
Luxembourg,1990,0.66460145
Luxembourg,1991,0.7338108
Luxembourg,1992,0.61074954
Luxembourg,1993,0.6041135
Luxembourg,1994,0.77528125
Luxembourg,1995,0.9501822
Luxembourg,1996,0.6496767
Luxembourg,1997,0.90255505
Luxembourg,1998,1.2946181
Luxembourg,1999,1.0463187
Luxembourg,2000,1.3703701
Luxembourg,2001,1.2522311
Luxembourg,2002,1.0301427
Luxembourg,2003,0.91740716
Luxembourg,2004,1.1120193
Luxembourg,2005,1.1679211
Luxembourg,2006,1.3908712
Luxembourg,2007,1.5379573
Luxembourg,2008,1.6481373
Luxembourg,2009,1.6371243
Luxembourg,2010,1.5543997
Luxembourg,2011,1.4713187
Luxembourg,2012,1.8497294
Luxembourg,2013,2.304208
Luxembourg,2014,2.5587912
Luxembourg,2015,2.8418615
Luxembourg,2016,3.052534
Luxembourg,2017,3.8070426
Luxembourg,2018,4.1558747
Luxembourg,2019,4.7653427
Luxembourg,2020,6.848767
Luxembourg,2021,7.095166
Malaysia,1965,5.2461205
Malaysia,1966,5.346494
Malaysia,1967,5.2158365
Malaysia,1968,5.5935698
Malaysia,1969,6.4295335
Malaysia,1970,8.029954
Malaysia,1971,6.2558084
Malaysia,1972,6.1961727
Malaysia,1973,5.6462393
Malaysia,1974,5.05663
Malaysia,1975,4.8979263
Malaysia,1976,4.137609
Malaysia,1977,2.869305
Malaysia,1978,2.539179
Malaysia,1979,2.6952224
Malaysia,1980,3.290119
Malaysia,1981,3.5273147
Malaysia,1982,3.1702034
Malaysia,1983,3.2134163
Malaysia,1984,5.8833213
Malaysia,1985,6.4829683
Malaysia,1986,6.458532
Malaysia,1987,7.548476
Malaysia,1988,8.279656
Malaysia,1989,6.8369017
Malaysia,1990,4.9409094
Malaysia,1991,4.358415
Malaysia,1992,3.7214777
Malaysia,1993,4.1896806
Malaysia,1994,5.2703333
Malaysia,1995,4.6203055
Malaysia,1996,3.4503624
Malaysia,1997,2.3939245
Malaysia,1998,2.6601143
Malaysia,1999,4.2179785
Malaysia,2000,3.6813028
Malaysia,2001,3.139982
Malaysia,2002,2.5937574
Malaysia,2003,2.2532132
Malaysia,2004,2.3197203
Malaysia,2005,2.2862065
Malaysia,2006,2.3655074
Malaysia,2007,2.1384602
Malaysia,2008,2.624564
Malaysia,2009,2.6226811
Malaysia,2010,2.3254187
Malaysia,2011,2.8593705
Malaysia,2012,2.9071403
Malaysia,2013,3.3195534
Malaysia,2014,3.5630174
Malaysia,2015,3.6460347
Malaysia,2016,4.848279
Malaysia,2017,6.291511
Malaysia,2018,6.2534175
Malaysia,2019,6.1784086
Malaysia,2020,7.1631722
Malaysia,2021,8.059835
Mexico,1965,8.934723
Mexico,1966,9.63311
Mexico,1967,10.291331
Mexico,1968,10.842834
Mexico,1969,10.4753
Mexico,1970,10.981713
Mexico,1971,10.142725
Mexico,1972,9.780027
Mexico,1973,9.648298
Mexico,1974,9.094654
Mexico,1975,7.7844524
Mexico,1976,8.30845
Mexico,1977,8.738277
Mexico,1978,6.597964
Mexico,1979,6.7473717
Mexico,1980,5.803558
Mexico,1981,7.5373626
Mexico,1982,6.8430967
Mexico,1983,6.308686
Mexico,1984,6.8312964
Mexico,1985,7.82051
Mexico,1986,6.596592
Mexico,1987,6.1185946
Mexico,1988,6.7846127
Mexico,1989,7.2933803
Mexico,1990,6.8308434
Mexico,1991,6.324605
Mexico,1992,7.251022
Mexico,1993,7.209392
Mexico,1994,5.4481173
Mexico,1995,7.1109824
Mexico,1996,7.601215
Mexico,1997,6.423585
Mexico,1998,5.862017
Mexico,1999,7.305536
Mexico,2000,7.1508975
Mexico,2001,6.3393073
Mexico,2002,5.4490385
Mexico,2003,4.6524553
Mexico,2004,5.303242
Mexico,2005,5.473337
Mexico,2006,5.5860863
Mexico,2007,5.209547
Mexico,2008,6.696116
Mexico,2009,4.9565783
Mexico,2010,6.283124
Mexico,2011,5.886854
Mexico,2012,5.4620795
Mexico,2013,5.06007
Mexico,2014,6.727102
Mexico,2015,6.0522633
Mexico,2016,6.1314926
Mexico,2017,6.372722
Mexico,2018,6.939361
Mexico,2019,7.0507708
Mexico,2020,9.475372
Mexico,2021,10.514754
Morocco,1965,20.227098
Morocco,1966,13.343615
Morocco,1967,11.197634
Morocco,1968,11.839538
Morocco,1969,13.958055
Morocco,1970,13.115361
Morocco,1971,13.923879
Morocco,1972,13.526379
Morocco,1973,9.0946245
Morocco,1974,9.542439
Morocco,1975,7.1343913
Morocco,1976,6.4660883
Morocco,1977,7.88484
Morocco,1978,7.7057576
Morocco,1979,7.7190423
Morocco,1980,7.3711247
Morocco,1981,5.1364603
Morocco,1982,2.7842176
Morocco,1983,2.2804005
Morocco,1984,1.7123272
Morocco,1985,2.2006674
Morocco,1986,2.8153403
Morocco,1987,3.5068126
Morocco,1988,3.7663095
Morocco,1989,4.231739
Morocco,1990,4.359246
Morocco,1991,4.3259
Morocco,1992,3.0396228
Morocco,1993,1.3822969
Morocco,1994,2.377947
Morocco,1995,1.7634829
Morocco,1996,5.402517
Morocco,1997,5.5313864
Morocco,1998,4.6007285
Morocco,1999,2.058802
Morocco,2000,1.9685844
Morocco,2001,2.47259
Morocco,2002,2.3249912
Morocco,2003,3.6570694
Morocco,2004,3.4734976
Morocco,2005,2.0816917
Morocco,2006,2.018249
Morocco,2007,2.0501916
Morocco,2008,1.8975967
Morocco,2009,4.711689
Morocco,2010,5.8873553
Morocco,2011,3.643836
Morocco,2012,3.1137834
Morocco,2013,5.110578
Morocco,2014,4.4587364
Morocco,2015,5.388849
Morocco,2016,5.595185
Morocco,2017,5.2868266
Morocco,2018,7.1069336
Morocco,2019,7.547047
Morocco,2020,7.633952
Morocco,2021,7.6361694
Netherlands,1965,0.0
Netherlands,1966,0.0
Netherlands,1967,0.0
Netherlands,1968,0.0
Netherlands,1969,0.0
Netherlands,1970,0.0
Netherlands,1971,0.0
Netherlands,1972,0.0
Netherlands,1973,0.0
Netherlands,1974,0.0
Netherlands,1975,0.3115214
Netherlands,1976,0.31017715
Netherlands,1977,0.31403565
Netherlands,1978,0.4299202
Netherlands,1979,0.3800929
Netherlands,1980,0.37478048
Netherlands,1981,0.41875726
Netherlands,1982,0.11066413
Netherlands,1983,0.09600715
Netherlands,1984,0.0068058204
Netherlands,1985,0.17216097
Netherlands,1986,0.2057679
Netherlands,1987,0.25524175
Netherlands,1988,0.30741864
Netherlands,1989,0.34333688
Netherlands,1990,0.28062096
Netherlands,1991,0.31914797
Netherlands,1992,0.33999988
Netherlands,1993,0.3742875
Netherlands,1994,0.42665818
Netherlands,1995,0.45612013
Netherlands,1996,0.5639131
Netherlands,1997,0.6360036
Netherlands,1998,0.72682464
Netherlands,1999,0.79479086
Netherlands,2000,0.9258593
Netherlands,2001,0.9883765
Netherlands,2002,1.1863465
Netherlands,2003,1.1635091
Netherlands,2004,1.5031251
Netherlands,2005,2.0780501
Netherlands,2006,2.315084
Netherlands,2007,2.4174244
Netherlands,2008,2.9132164
Netherlands,2009,3.4302778
Netherlands,2010,3.2134414
Netherlands,2011,3.8112893
Netherlands,2012,3.9636314
Netherlands,2013,3.9457889
Netherlands,2014,3.9784324
Netherlands,2015,4.503984
Netherlands,2016,4.676411
Netherlands,2017,5.4899817
Netherlands,2018,5.991268
Netherlands,2019,7.3029876
Netherlands,2020,10.758958
Netherlands,2021,12.3737955
New Zealand,1965,39.252773
New Zealand,1966,39.54505
New Zealand,1967,39.84817
New Zealand,1968,41.174576
New Zealand,1969,40.150276
New Zealand,1970,38.82334
New Zealand,1971,41.630173
New Zealand,1972,41.19133
New Zealand,1973,39.168335
New Zealand,1974,40.757793
New Zealand,1975,43.620903
New Zealand,1976,39.515545
New Zealand,1977,36.93731
New Zealand,1978,39.57416
New Zealand,1979,44.902813
New Zealand,1980,46.8752
New Zealand,1981,47.395737
New Zealand,1982,43.06933
New Zealand,1983,44.425842
New Zealand,1984,43.670025
New Zealand,1985,41.672558
New Zealand,1986,43.008366
New Zealand,1987,42.31165
New Zealand,1988,42.15485
New Zealand,1989,47.136673
New Zealand,1990,41.45618
New Zealand,1991,40.464573
New Zealand,1992,37.51461
New Zealand,1993,40.294605
New Zealand,1994,41.252308
New Zealand,1995,42.104042
New Zealand,1996,39.54181
New Zealand,1997,35.606514
New Zealand,1998,38.757664
New Zealand,1999,35.643353
New Zealand,2000,36.374214
New Zealand,2001,32.730766
New Zealand,2002,35.126747
New Zealand,2003,34.357147
New Zealand,2004,37.794468
New Zealand,2005,34.682922
New Zealand,2006,34.811123
New Zealand,2007,35.406635
New Zealand,2008,34.397457
New Zealand,2009,37.898605
New Zealand,2010,38.817486
New Zealand,2011,39.533886
New Zealand,2012,36.91487
New Zealand,2013,36.921745
New Zealand,2014,37.536892
New Zealand,2015,38.129433
New Zealand,2016,38.99087
New Zealand,2017,37.083
New Zealand,2018,38.162262
New Zealand,2019,36.76238
New Zealand,2020,39.064182
New Zealand,2021,40.21865
North Macedonia,1990,4.8951545
North Macedonia,1991,8.515267
North Macedonia,1992,8.292924
North Macedonia,1993,5.0976725
North Macedonia,1994,7.2256556
North Macedonia,1995,8.266857
North Macedonia,1996,7.552335
North Macedonia,1997,8.866941
North Macedonia,1998,9.439984
North Macedonia,1999,12.636176
North Macedonia,2000,11.215344
North Macedonia,2001,6.3362026
North Macedonia,2002,7.7906957
North Macedonia,2003,12.461908
North Macedonia,2004,13.524394
North Macedonia,2005,13.126352
North Macedonia,2006,14.188615
North Macedonia,2007,8.696234
North Macedonia,2008,7.43891
North Macedonia,2009,11.3459015
North Macedonia,2010,19.909607
North Macedonia,2011,11.702621
North Macedonia,2012,9.123692
North Macedonia,2013,14.412972
North Macedonia,2014,12.513251
North Macedonia,2015,18.564972
North Macedonia,2016,18.146008
North Macedonia,2017,11.811469
North Macedonia,2018,17.787132
North Macedonia,2019,11.504865
North Macedonia,2020,14.441304
North Macedonia,2021,14.82318
Norway,1965,67.87996
Norway,1966,65.3991
Norway,1967,66.591644
Norway,1968,67.13724
Norway,1969,63.88058
Norway,1970,61.510117
Norway,1971,63.9665
Norway,1972,64.29581
Norway,1973,65.582184
Norway,1974,68.31412
Norway,1975,67.97407
Norway,1976,67.33344
Norway,1977,64.26859
Norway,1978,64.17826
Norway,1979,65.86465
Norway,1980,65.252464
Norway,1981,68.59788
Norway,1982,69.16161
Norway,1983,71.88228
Norway,1984,71.13633
Norway,1985,69.52919
Norway,1986,66.977295
Norway,1987,68.43144
Norway,1988,69.97985
Norway,1989,71.44203
Norway,1990,72.44774
Norway,1991,71.44005
Norway,1992,71.865555
Norway,1993,71.17737
Norway,1994,69.031494
Norway,1995,70.81212
Norway,1996,66.01224
Norway,1997,66.31446
Norway,1998,67.218765
Norway,1999,68.73755
Norway,2000,72.39789
Norway,2001,67.58246
Norway,2002,69.30982
Norway,2003,63.816036
Norway,2004,64.23876
Norway,2005,69.73603
Norway,2006,66.73525
Norway,2007,69.2405
Norway,2008,69.89543
Norway,2009,67.78923
Norway,2010,65.47019
Norway,2011,66.30012
Norway,2012,70.095116
Norway,2013,67.50864
Norway,2014,68.88728
Norway,2015,68.87519
Norway,2016,69.86629
Norway,2017,69.260994
Norway,2018,68.85805
Norway,2019,67.08509
Norway,2020,70.96306
Norway,2021,71.558365
Oman,1965,0.0
Oman,1966,0.0
Oman,1967,0.0
Oman,1968,0.0
Oman,1969,0.0
Oman,1970,0.0
Oman,1971,0.0
Oman,1972,0.0
Oman,1973,0.0
Oman,1974,0.0
Oman,1975,0.0
Oman,1976,0.0
Oman,1977,0.0
Oman,1978,0.0
Oman,1979,0.0
Oman,1980,0.0
Oman,1981,0.0
Oman,1982,0.0
Oman,1983,0.0
Oman,1984,0.0
Oman,1985,0.0
Oman,1986,0.0
Oman,1987,0.0
Oman,1988,0.0
Oman,1989,0.0
Oman,1990,0.0
Oman,1991,0.0
Oman,1992,0.0
Oman,1993,0.0
Oman,1994,0.0
Oman,1995,0.0
Oman,1996,0.0
Oman,1997,0.0
Oman,1998,0.0
Oman,1999,0.0
Oman,2000,0.0
Oman,2001,0.0
Oman,2002,0.0
Oman,2003,0.0
Oman,2004,0.0
Oman,2005,0.0
Oman,2006,0.0
Oman,2007,0.0
Oman,2008,0.0
Oman,2009,0.0
Oman,2010,0.0
Oman,2011,0.0
Oman,2012,0.0
Oman,2013,0.0010279703
Oman,2014,0.0010236644
Oman,2015,0.002971764
Oman,2016,0.0033375414
Oman,2017,0.011463476
Oman,2018,0.010915677
Oman,2019,0.017586906
Oman,2020,0.2240027
Pakistan,1965,7.8989325
Pakistan,1966,7.8401713
Pakistan,1967,8.392018
Pakistan,1968,8.885178
Pakistan,1969,9.32975
Pakistan,1970,8.390381
Pakistan,1971,11.718862
Pakistan,1972,13.253896
Pakistan,1973,13.087776
Pakistan,1974,12.144384
Pakistan,1975,13.310854
Pakistan,1976,14.231518
Pakistan,1977,15.620375
Pakistan,1978,18.110394
Pakistan,1979,17.961802
Pakistan,1980,16.982367
Pakistan,1981,16.494284
Pakistan,1982,16.829155
Pakistan,1983,18.234488
Pakistan,1984,17.859362
Pakistan,1985,17.652674
Pakistan,1986,15.92544
Pakistan,1987,18.666111
Pakistan,1988,18.419365
Pakistan,1989,17.649538
Pakistan,1990,16.537376
Pakistan,1991,16.70148
Pakistan,1992,17.344545
Pakistan,1993,17.234846
Pakistan,1994,16.347652
Pakistan,1995,16.378124
Pakistan,1996,16.762865
Pakistan,1997,12.898634
Pakistan,1998,15.707119
Pakistan,1999,13.423368
Pakistan,2000,11.344158
Pakistan,2001,11.41505
Pakistan,2002,12.188603
Pakistan,2003,13.333745
Pakistan,2004,12.676343
Pakistan,2005,13.59751
Pakistan,2006,12.633492
Pakistan,2007,12.365368
Pakistan,2008,10.553434
Pakistan,2009,10.885857
Pakistan,2010,11.174628
Pakistan,2011,11.411279
Pakistan,2012,4.3177876
Pakistan,2013,11.522516
Pakistan,2014,11.496394
Pakistan,2015,11.174579
Pakistan,2016,11.086973
Pakistan,2017,9.67495
Pakistan,2018,9.416381
Pakistan,2019,11.015738
Pakistan,2020,12.021025
Pakistan,2021,10.622897
Peru,1965,13.740327
Peru,1966,12.172948
Peru,1967,13.394147
Peru,1968,14.111241
Peru,1969,15.24189
Peru,1970,14.120807
Peru,1971,17.272398
Peru,1972,19.887009
Peru,1973,18.577597
Peru,1974,17.592985
Peru,1975,17.860975
Peru,1976,18.50168
Peru,1977,19.078714
Peru,1978,19.59224
Peru,1979,20.157331
Peru,1980,19.488487
Peru,1981,21.09335
Peru,1982,22.348915
Peru,1983,24.380442
Peru,1984,24.780766
Peru,1985,26.95251
Peru,1986,26.928583
Peru,1987,27.016397
Peru,1988,26.545847
Peru,1989,29.118135
Peru,1990,29.302029
Peru,1991,32.345062
Peru,1992,28.06741
Peru,1993,31.196318
Peru,1994,30.9784
Peru,1995,28.913647
Peru,1996,28.776926
Peru,1997,28.34366
Peru,1998,29.417265
Peru,1999,30.10594
Peru,2000,32.495964
Peru,2001,35.526463
Peru,2002,35.351955
Peru,2003,36.600243
Peru,2004,32.297504
Peru,2005,31.84631
Peru,2006,34.128056
Peru,2007,31.039616
Peru,2008,28.021553
Peru,2009,28.33369
Peru,2010,25.21364
Peru,2011,24.354307
Peru,2012,24.011053
Peru,2013,24.136717
Peru,2014,23.94071
Peru,2015,24.024496
Peru,2016,22.57668
Peru,2017,26.171818
Peru,2018,26.795403
Peru,2019,26.621336
Peru,2020,30.744228
Peru,2021,27.741009
Philippines,1965,8.365924
Philippines,1966,7.593555
Philippines,1967,7.472384
Philippines,1968,6.7745633
Philippines,1969,6.673862
Philippines,1970,6.776431
Philippines,1971,5.460589
Philippines,1972,6.2965407
Philippines,1973,5.8037663
Philippines,1974,5.3819346
Philippines,1975,5.5076227
Philippines,1976,6.518622
Philippines,1977,4.5764337
Philippines,1978,5.834701
Philippines,1979,6.946879
Philippines,1980,11.08545
Philippines,1981,15.252098
Philippines,1982,15.784579
Philippines,1983,16.98629
Philippines,1984,22.255999
Philippines,1985,24.90198
Philippines,1986,24.756966
Philippines,1987,19.908722
Philippines,1988,20.45768
Philippines,1989,20.052565
Philippines,1990,18.938623
Philippines,1991,17.744583
Philippines,1992,14.223133
Philippines,1993,14.523899
Philippines,1994,15.574135
Philippines,1995,14.212176
Philippines,1996,14.502602
Philippines,1997,13.195356
Philippines,1998,13.60515
Philippines,1999,17.62454
Philippines,2000,18.595215
Philippines,2001,16.949202
Philippines,2002,16.691975
Philippines,2003,16.424408
Philippines,2004,16.852709
Philippines,2005,16.317411
Philippines,2006,18.684961
Philippines,2007,16.430105
Philippines,2008,17.313362
Philippines,2009,16.679699
Philippines,2010,14.187132
Philippines,2011,15.432299
Philippines,2012,15.557659
Philippines,2013,13.8471365
Philippines,2014,13.009114
Philippines,2015,12.500741
Philippines,2016,11.97579
Philippines,2017,11.504091
Philippines,2018,11.201896
Philippines,2019,10.227248
Philippines,2020,11.04473
Philippines,2021,10.90163
Poland,1965,0.35209692
Poland,1966,0.35020763
Poland,1967,0.36476678
Poland,1968,0.35622162
Poland,1969,0.28452122
Poland,1970,0.5491499
Poland,1971,0.4868724
Poland,1972,0.46839932
Poland,1973,0.4581685
Poland,1974,0.6209821
Poland,1975,0.5374194
Poland,1976,0.4238295
Poland,1977,0.49482888
Poland,1978,0.46934918
Poland,1979,0.42775407
Poland,1980,0.5173495
Poland,1981,0.53229034
Poland,1982,0.39483666
Poland,1983,0.44284835
Poland,1984,0.36715877
Poland,1985,0.4598646
Poland,1986,0.38169914
Poland,1987,0.35510296
Poland,1988,0.36688253
Poland,1989,0.34613892
Poland,1990,0.36069712
Poland,1991,0.37821305
Poland,1992,0.42480853
Poland,1993,0.40594903
Poland,1994,0.4881243
Poland,1995,0.5228234
Poland,1996,0.5270424
Poland,1997,0.5504409
Poland,1998,0.6830113
Poland,1999,0.64654106
Poland,2000,0.6828017
Poland,2001,0.820305
Poland,2002,0.81965923
Poland,2003,0.6754677
Poland,2004,0.89124244
Poland,2005,1.135477
Poland,2006,1.2485813
Poland,2007,1.5623447
Poland,2008,2.2076113
Poland,2009,3.0658216
Poland,2010,3.45368
Poland,2011,4.0425887
Poland,2012,5.2285094
Poland,2013,5.1705627
Poland,2014,6.055967
Poland,2015,6.561511
Poland,2016,6.0504947
Poland,2017,6.1909957
Poland,2018,5.8507967
Poland,2019,6.989287
Poland,2020,7.769742
Poland,2021,7.7616863
Portugal,1965,24.9147
Portugal,1966,29.76638
Portugal,1967,28.834286
Portugal,1968,27.052864
Portugal,1969,30.386581
Portugal,1970,23.095156
Portugal,1971,22.091991
Portugal,1972,23.160507
Portugal,1973,21.920576
Portugal,1974,22.277813
Portugal,1975,18.622507
Portugal,1976,14.216823
Portugal,1977,25.451162
Portugal,1978,26.158958
Portugal,1979,25.624544
Portugal,1980,19.192945
Portugal,1981,12.520673
Portugal,1982,15.776886
Portugal,1983,17.658932
Portugal,1984,20.36533
Portugal,1985,22.15105
Portugal,1986,17.003498
Portugal,1987,17.789042
Portugal,1988,21.131493
Portugal,1989,9.8851595
Portugal,1990,14.758712
Portugal,1991,14.24423
Portugal,1992,7.9661174
Portugal,1993,13.151094
Portugal,1994,15.609879
Portugal,1995,11.50894
Portugal,1996,18.706306
Portugal,1997,16.634518
Portugal,1998,15.164004
Portugal,1999,9.102554
Portugal,2000,13.07334
Portugal,2001,15.646869
Portugal,2002,9.748956
Portugal,2003,17.057003
Portugal,2004,12.089573
Portugal,2005,8.115614
Portugal,2006,15.572563
Portugal,2007,16.143671
Portugal,2008,15.146783
Portugal,2009,18.849367
Portugal,2010,27.393208
Portugal,2011,24.511286
Portugal,2012,21.701544
Portugal,2013,29.105732
Portugal,2014,30.292532
Portugal,2015,24.459373
Portugal,2016,29.276423
Portugal,2017,21.441805
Portugal,2018,26.900106
Portugal,2019,26.401812
Portugal,2020,31.723911
Portugal,2021,32.703953
Qatar,1965,0.0
Qatar,1966,0.0
Qatar,1967,0.0
Qatar,1968,0.0
Qatar,1969,0.0
Qatar,1970,0.0
Qatar,1971,0.0
Qatar,1972,0.0
Qatar,1973,0.0
Qatar,1974,0.0
Qatar,1975,0.0
Qatar,1976,0.0
Qatar,1977,0.0
Qatar,1978,0.0
Qatar,1979,0.0
Qatar,1980,0.0
Qatar,1981,0.0
Qatar,1982,0.0
Qatar,1983,0.0
Qatar,1984,0.0
Qatar,1985,0.0
Qatar,1986,0.0
Qatar,1987,0.0
Qatar,1988,0.0
Qatar,1989,0.0
Qatar,1990,0.0
Qatar,1991,0.0
Qatar,1992,0.0
Qatar,1993,0.0
Qatar,1994,0.0
Qatar,1995,0.0
Qatar,1996,0.0
Qatar,1997,0.0
Qatar,1998,0.0
Qatar,1999,0.0
Qatar,2000,0.0
Qatar,2001,0.0
Qatar,2002,0.0
Qatar,2003,0.0
Qatar,2004,0.0
Qatar,2005,0.0
Qatar,2006,0.0
Qatar,2007,0.0
Qatar,2008,0.0
Qatar,2009,0.0
Qatar,2010,0.0
Qatar,2011,0.09460041
Qatar,2012,0.08342207
Qatar,2013,0.07836199
Qatar,2014,0.07397567
Qatar,2015,0.06486393
Qatar,2016,0.06714397
Qatar,2017,0.06931601
Qatar,2018,0.06936814
Qatar,2019,0.06641917
Qatar,2020,0.07569663
Romania,1965,1.0662186
Romania,1966,1.0295304
Romania,1967,1.3156693
Romania,1968,1.3085219
Romania,1969,1.6154395
Romania,1970,1.8980384
Romania,1971,2.898532
Romania,1972,4.4929147
Romania,1973,4.2440834
Romania,1974,4.733459
Romania,1975,4.793049
Romania,1976,3.851948
Romania,1977,4.1872053
Romania,1978,4.4158015
Romania,1979,4.6259027
Romania,1980,5.1059165
Romania,1981,5.13411
Romania,1982,4.8196645
Romania,1983,4.1099563
Romania,1984,4.6709805
Romania,1985,5.2583566
Romania,1986,4.3782773
Romania,1987,4.3777766
Romania,1988,5.6659927
Romania,1989,5.235843
Romania,1990,4.590248
Romania,1991,6.907993
Romania,1992,6.2837853
Romania,1993,7.0546517
Romania,1994,7.641244
Romania,1995,8.89704
Romania,1996,8.448899
Romania,1997,9.899968
Romania,1998,11.665589
Romania,1999,12.841183
Romania,2000,10.396162
Romania,2001,10.312889
Romania,2002,10.615109
Romania,2003,8.716783
Romania,2004,10.407817
Romania,2005,12.629432
Romania,2006,11.172654
Romania,2007,10.032531
Romania,2008,10.699506
Romania,2009,10.989452
Romania,2010,14.136739
Romania,2011,11.0333395
Romania,2012,10.439118
Romania,2013,14.889094
Romania,2014,17.897146
Romania,2015,18.517511
Romania,2016,18.943087
Romania,2017,16.684114
Romania,2018,17.542227
Romania,2019,16.837948
Romania,2020,17.57964
Romania,2021,17.481031
Russia,1985,4.942973
Russia,1986,4.996937
Russia,1987,4.785533
Russia,1988,4.6569443
Russia,1989,4.605263
Russia,1990,4.8983045
Russia,1991,5.0031915
Russia,1992,5.33678
Russia,1993,5.7802973
Russia,1994,6.3942966
Russia,1995,6.7691536
Russia,1996,6.157421
Russia,1997,6.6424465
Russia,1998,6.6998005
Russia,1999,6.6992984
Russia,2000,6.7286215
Russia,2001,6.9759703
Russia,2002,6.492728
Russia,2003,6.075377
Russia,2004,6.754271
Russia,2005,6.60369
Russia,2006,6.309633
Russia,2007,6.371351
Russia,2008,5.8674455
Russia,2009,6.4854555
Russia,2010,5.931856
Russia,2011,5.5852757
Russia,2012,5.550893
Russia,2013,6.1906686
Russia,2014,5.887215
Russia,2015,5.7736044
Russia,2016,6.171405
Russia,2017,6.1212683
Russia,2018,6.0467625
Russia,2019,6.201229
Russia,2020,7.0697813
Russia,2021,6.6202893
Saudi Arabia,1965,0.0
Saudi Arabia,1966,0.0
Saudi Arabia,1967,0.0
Saudi Arabia,1968,0.0
Saudi Arabia,1969,0.0
Saudi Arabia,1970,0.0
Saudi Arabia,1971,0.0
Saudi Arabia,1972,0.0
Saudi Arabia,1973,0.0
Saudi Arabia,1974,0.0
Saudi Arabia,1975,0.0
Saudi Arabia,1976,0.0
Saudi Arabia,1977,0.0
Saudi Arabia,1978,0.0
Saudi Arabia,1979,0.0
Saudi Arabia,1980,0.0
Saudi Arabia,1981,0.0
Saudi Arabia,1982,0.0
Saudi Arabia,1983,0.0
Saudi Arabia,1984,0.0
Saudi Arabia,1985,0.0
Saudi Arabia,1986,0.0
Saudi Arabia,1987,0.0
Saudi Arabia,1988,0.0
Saudi Arabia,1989,0.0
Saudi Arabia,1990,0.0
Saudi Arabia,1991,0.0
Saudi Arabia,1992,0.0
Saudi Arabia,1993,0.0
Saudi Arabia,1994,0.0
Saudi Arabia,1995,0.0
Saudi Arabia,1996,0.0
Saudi Arabia,1997,0.0
Saudi Arabia,1998,0.0
Saudi Arabia,1999,0.0
Saudi Arabia,2000,0.0
Saudi Arabia,2001,0.0
Saudi Arabia,2002,0.0
Saudi Arabia,2003,0.0
Saudi Arabia,2004,0.0
Saudi Arabia,2005,0.0
Saudi Arabia,2006,0.0
Saudi Arabia,2007,0.0
Saudi Arabia,2008,8.1655984e-05
Saudi Arabia,2009,7.744253e-05
Saudi Arabia,2010,0.0004681669
Saudi Arabia,2011,0.0005825445
Saudi Arabia,2012,0.0025984717
Saudi Arabia,2013,0.0042603677
Saudi Arabia,2014,0.0042484943
Saudi Arabia,2015,0.004093797
Saudi Arabia,2016,0.003963404
Saudi Arabia,2017,0.0056249667
Saudi Arabia,2018,0.013882196
Saudi Arabia,2019,0.018180711
Saudi Arabia,2020,0.018463893
Singapore,1965,0.0
Singapore,1966,0.0
Singapore,1967,0.0
Singapore,1968,0.0
Singapore,1969,0.0
Singapore,1970,0.0
Singapore,1971,0.0
Singapore,1972,0.0
Singapore,1973,0.0
Singapore,1974,0.0
Singapore,1975,0.0
Singapore,1976,0.0
Singapore,1977,0.0
Singapore,1978,0.0
Singapore,1979,0.0
Singapore,1980,0.0
Singapore,1981,0.0
Singapore,1982,0.0
Singapore,1983,0.0
Singapore,1984,0.0
Singapore,1985,0.0
Singapore,1986,0.16469046
Singapore,1987,0.15662819
Singapore,1988,0.13537796
Singapore,1989,0.11872775
Singapore,1990,0.09935333
Singapore,1991,0.281009
Singapore,1992,0.26192996
Singapore,1993,0.23974904
Singapore,1994,0.20962867
Singapore,1995,0.20108199
Singapore,1996,0.1992702
Singapore,1997,0.1894595
Singapore,1998,0.1868752
Singapore,1999,0.18876192
Singapore,2000,0.17653827
Singapore,2001,0.30012923
Singapore,2002,0.30550742
Singapore,2003,0.3383669
Singapore,2004,0.2925276
Singapore,2005,0.27761883
Singapore,2006,0.25025177
Singapore,2007,0.2428374
Singapore,2008,0.24099082
Singapore,2009,0.22723757
Singapore,2010,0.23598696
Singapore,2011,0.23450488
Singapore,2012,0.24628179
Singapore,2013,0.26858902
Singapore,2014,0.2785132
Singapore,2015,0.29237184
Singapore,2016,0.289138
Singapore,2017,0.28081223
Singapore,2018,0.2784224
Singapore,2019,0.2995429
Singapore,2020,0.30993885
Slovakia,1965,6.1526546
Slovakia,1966,5.6959925
Slovakia,1967,4.855119
Slovakia,1968,4.037017
Slovakia,1969,3.0090578
Slovakia,1970,4.1029906
Slovakia,1971,2.8729022
Slovakia,1972,2.8613746
Slovakia,1973,2.351841
Slovakia,1974,3.7575521
Slovakia,1975,3.2334025
Slovakia,1976,3.1432197
Slovakia,1977,3.5666406
Slovakia,1978,3.189221
Slovakia,1979,2.585242
Slovakia,1980,3.0467432
Slovakia,1981,2.6747825
Slovakia,1982,2.3736455
Slovakia,1983,2.5121586
Slovakia,1984,1.9794106
Slovakia,1985,2.611933
Slovakia,1986,2.0846353
Slovakia,1987,2.351403
Slovakia,1988,2.125359
Slovakia,1989,2.3424203
Slovakia,1990,2.2383957
Slovakia,1991,1.8738333
Slovakia,1992,2.6797173
Slovakia,1993,4.882404
Slovakia,1994,6.225819
Slovakia,1995,6.879693
Slovakia,1996,5.918111
Slovakia,1997,5.796413
Slovakia,1998,6.022059
Slovakia,1999,6.2612333
Slovakia,2000,6.252774
Slovakia,2001,6.664679
Slovakia,2002,7.005193
Slovakia,2003,4.4944215
Slovakia,2004,5.424992
Slovakia,2005,5.801839
Slovakia,2006,6.194248
Slovakia,2007,6.746676
Slovakia,2008,6.2277403
Slovakia,2009,7.332043
Slovakia,2010,7.9761634
Slovakia,2011,6.98435
Slovakia,2012,8.014707
Slovakia,2013,8.994414
Slovakia,2014,9.855442
Slovakia,2015,9.638893
Slovakia,2016,9.996943
Slovakia,2017,9.412673
Slovakia,2018,8.504163
Slovakia,2019,9.983878
Slovakia,2020,10.48076
Slovakia,2021,9.82116
Slovenia,1990,12.690258
Slovenia,1991,15.370843
Slovenia,1992,15.600479
Slovenia,1993,13.463439
Slovenia,1994,14.166087
Slovenia,1995,12.90796
Slovenia,1996,13.877273
Slovenia,1997,11.434757
Slovenia,1998,12.727215
Slovenia,1999,14.062134
Slovenia,2000,14.703167
Slovenia,2001,13.847439
Slovenia,2002,12.223348
Slovenia,2003,11.176646
Slovenia,2004,14.306864
Slovenia,2005,12.045763
Slovenia,2006,12.255213
Slovenia,2007,11.193771
Slovenia,2008,13.052405
Slovenia,2009,15.9465475
Slovenia,2010,15.326107
Slovenia,2011,12.851766
Slovenia,2012,14.665227
Slovenia,2013,17.365847
Slovenia,2014,21.739605
Slovenia,2015,15.851431
Slovenia,2016,17.115887
Slovenia,2017,14.848828
Slovenia,2018,16.982708
Slovenia,2019,16.78137
Slovenia,2020,19.160215
Slovenia,2021,18.768454
South Africa,1965,0.030886453
South Africa,1966,0.029866168
South Africa,1967,0.020714175
South Africa,1968,0.018117521
South Africa,1969,0.015396576
South Africa,1970,0.017539408
South Africa,1971,0.0729435
South Africa,1972,0.52579427
South Africa,1973,0.577211
South Africa,1974,0.6448366
South Africa,1975,0.59844273
South Africa,1976,0.96040416
South Africa,1977,0.971405
South Africa,1978,0.96227145
South Africa,1979,0.55904925
South Africa,1980,0.45417184
South Africa,1981,0.65005094
South Africa,1982,0.3714905
South Africa,1983,0.2147052
South Africa,1984,0.18491055
South Africa,1985,0.20175485
South Africa,1986,0.5151001
South Africa,1987,0.505198
South Africa,1988,0.89705485
South Africa,1989,0.81933874
South Africa,1990,0.29005045
South Africa,1991,0.5727414
South Africa,1992,0.2165115
South Africa,1993,0.04210848
South Africa,1994,0.29699612
South Africa,1995,0.13997532
South Africa,1996,0.3590046
South Africa,1997,0.5707284
South Africa,1998,0.4763036
South Africa,1999,0.23447949
South Africa,2000,0.40555847
South Africa,2001,0.5403345
South Africa,2002,0.65354025
South Africa,2003,0.2989763
South Africa,2004,0.29398483
South Africa,2005,0.40433392
South Africa,2006,0.72594017
South Africa,2007,0.7023894
South Africa,2008,0.35045084
South Africa,2009,0.38785627
South Africa,2010,0.31502998
South Africa,2011,0.6983461
South Africa,2012,0.3148212
South Africa,2013,0.370654
South Africa,2014,0.81809825
South Africa,2015,1.2246652
South Africa,2016,1.6210166
South Africa,2017,2.406186
South Africa,2018,2.6591578
South Africa,2019,2.6449363
South Africa,2020,3.150246
South Africa,2021,3.408608
South Korea,1965,2.807815
South Korea,1966,3.2099154
South Korea,1967,2.7027178
South Korea,1968,2.2995977
South Korea,1969,2.9266608
South Korea,1970,2.155395
South Korea,1971,2.1541755
South Korea,1972,2.1534865
South Korea,1973,1.6347564
South Korea,1974,2.332909
South Korea,1975,1.8735325
South Korea,1976,1.7800428
South Korea,1977,1.2054132
South Korea,1978,1.3965911
South Korea,1979,1.5390952
South Korea,1980,1.2506891
South Korea,1981,1.6159816
South Korea,1982,1.0666206
South Korea,1983,1.3120518
South Korea,1984,1.046283
South Korea,1985,1.5088706
South Korea,1986,1.3128159
South Korea,1987,1.5100772
South Korea,1988,0.67799705
South Korea,1989,0.930187
South Korea,1990,1.2995164
South Korea,1991,0.85526013
South Korea,1992,0.6740405
South Korea,1993,0.83896744
South Korea,1994,0.4319862
South Korea,1995,0.51026404
South Korea,1996,0.43619704
South Korea,1997,0.40268636
South Korea,1998,0.65976983
South Korea,1999,0.5936903
South Korea,2000,0.5420218
South Korea,2001,0.31219828
South Korea,2002,0.41857693
South Korea,2003,0.5985387
South Korea,2004,0.53463805
South Korea,2005,0.45353886
South Korea,2006,0.4502669
South Korea,2007,0.5043082
South Korea,2008,0.5293463
South Korea,2009,0.57009465
South Korea,2010,0.91955906
South Korea,2011,1.2539451
South Korea,2012,1.2884827
South Korea,2013,1.5155629
South Korea,2014,1.764075
South Korea,2015,1.904119
South Korea,2016,2.026812
South Korea,2017,2.4301844
South Korea,2018,2.7460184
South Korea,2019,2.9800334
South Korea,2020,3.1428554
South Korea,2021,3.7249858
Spain,1965,17.253439
Spain,1966,21.110806
Spain,1967,16.279375
Spain,1968,16.654005
Spain,1969,18.46006
Spain,1970,15.559319
Spain,1971,16.187815
Spain,1972,16.69035
Spain,1973,12.4298525
Spain,1974,12.622826
Spain,1975,10.509173
Spain,1976,7.937401
Spain,1977,14.476511
Spain,1978,14.644488
Spain,1979,15.632556
Spain,1980,9.981172
Spain,1981,7.4071198
Spain,1982,8.885109
Spain,1983,8.936359
Spain,1984,10.203864
Spain,1985,10.242602
Spain,1986,8.501705
Spain,1987,8.477233
Spain,1988,10.430665
Spain,1989,5.5330205
Spain,1990,7.19887
Spain,1991,7.4529076
Spain,1992,5.0132504
Spain,1993,6.6250877
Spain,1994,7.3138194
Spain,1995,5.9382825
Spain,1996,9.653098
Spain,1997,8.211403
Spain,1998,7.8152103
Spain,1999,5.6294966
Spain,2000,7.0082307
Spain,2001,9.167547
Spain,2002,6.4462705
Spain,2003,9.7589035
Spain,2004,8.440905
Spain,2005,6.9234943
Spain,2006,8.360923
Spain,2007,9.064817
Spain,2008,9.948371
Spain,2009,12.662101
Spain,2010,16.742804
Spain,2011,15.473434
Spain,2012,15.889772
Spain,2013,19.901302
Spain,2014,20.088554
Spain,2015,17.507902
Spain,2016,18.609848
Spain,2017,15.68235
Spain,2018,18.230534
Spain,2019,17.37585
Spain,2020,22.102654
Spain,2021,22.341663
Sri Lanka,1965,10.32447
Sri Lanka,1966,10.94352
Sri Lanka,1967,10.974932
Sri Lanka,1968,12.205965
Sri Lanka,1969,13.611147
Sri Lanka,1970,11.076228
Sri Lanka,1971,12.125497
Sri Lanka,1972,11.86213
Sri Lanka,1973,9.413183
Sri Lanka,1974,15.722433
Sri Lanka,1975,16.26267
Sri Lanka,1976,17.044489
Sri Lanka,1977,17.357145
Sri Lanka,1978,18.628532
Sri Lanka,1979,18.950075
Sri Lanka,1980,19.017767
Sri Lanka,1981,19.232897
Sri Lanka,1982,18.261444
Sri Lanka,1983,14.019515
Sri Lanka,1984,22.732344
Sri Lanka,1985,27.567667
Sri Lanka,1986,28.917849
Sri Lanka,1987,23.145031
Sri Lanka,1988,27.9051
Sri Lanka,1989,30.912357
Sri Lanka,1990,31.11434
Sri Lanka,1991,30.897804
Sri Lanka,1992,26.798069
Sri Lanka,1993,32.161766
Sri Lanka,1994,31.979883
Sri Lanka,1995,32.76565
Sri Lanka,1996,22.438143
Sri Lanka,1997,23.044756
Sri Lanka,1998,24.549494
Sri Lanka,1999,24.375671
Sri Lanka,2000,17.715664
Sri Lanka,2001,17.628239
Sri Lanka,2002,14.758176
Sri Lanka,2003,17.510588
Sri Lanka,2004,16.025322
Sri Lanka,2005,16.077099
Sri Lanka,2006,19.959389
Sri Lanka,2007,16.628553
Sri Lanka,2008,18.3665
Sri Lanka,2009,17.016684
Sri Lanka,2010,22.894518
Sri Lanka,2011,17.231127
Sri Lanka,2012,12.257574
Sri Lanka,2013,24.80347
Sri Lanka,2014,15.6329
Sri Lanka,2015,18.154892
Sri Lanka,2016,12.23384
Sri Lanka,2017,12.293098
Sri Lanka,2018,18.060566
Sri Lanka,2019,14.141156
Sri Lanka,2020,15.967422
Sri Lanka,2021,21.404533
Sweden,1965,34.933456
Sweden,1966,32.10004
Sweden,1967,33.95441
Sweden,1968,31.443342
Sweden,1969,26.987406
Sweden,1970,25.301186
Sweden,1971,31.153437
Sweden,1972,31.288212
Sweden,1973,33.030903
Sweden,1974,34.125145
Sweden,1975,32.381832
Sweden,1976,29.012697
Sweden,1977,28.689623
Sweden,1978,26.57862
Sweden,1979,26.679983
Sweden,1980,27.514145
Sweden,1981,28.2397
Sweden,1982,27.447363
Sweden,1983,32.015358
Sweden,1984,32.467693
Sweden,1985,31.184616
Sweden,1986,26.016823
Sweden,1987,31.165653
Sweden,1988,31.078043
Sweden,1989,32.67113
Sweden,1990,32.335453
Sweden,1991,29.826092
Sweden,1992,34.725967
Sweden,1993,35.322853
Sweden,1994,28.229177
Sweden,1995,32.06243
Sweden,1996,25.265974
Sweden,1997,32.551292
Sweden,1998,32.49207
Sweden,1999,32.139984
Sweden,2000,38.59571
Sweden,2001,35.828453
Sweden,2002,32.522167
Sweden,2003,27.901482
Sweden,2004,30.187603
Sweden,2005,34.73209
Sweden,2006,32.33128
Sweden,2007,34.59903
Sweden,2008,36.92847
Sweden,2009,39.14199
Sweden,2010,38.351444
Sweden,2011,39.861126
Sweden,2012,43.305737
Sweden,2013,38.95485
Sweden,2014,40.648502
Sweden,2015,46.599625
Sweden,2016,42.0827
Sweden,2017,43.339447
Sweden,2018,42.218502
Sweden,2019,43.813766
Sweden,2020,51.05897
Sweden,2021,50.924007
Switzerland,1965,39.05084
Switzerland,1966,41.49439
Switzerland,1967,42.143433
Switzerland,1968,39.673504
Switzerland,1969,36.7013
Switzerland,1970,34.634697
Switzerland,1971,33.697243
Switzerland,1972,28.542725
Switzerland,1973,28.314793
Switzerland,1974,31.026619
Switzerland,1975,34.594242
Switzerland,1976,29.048126
Switzerland,1977,35.28424
Switzerland,1978,32.51401
Switzerland,1979,30.90444
Switzerland,1980,32.372673
Switzerland,1981,34.292164
Switzerland,1982,35.782177
Switzerland,1983,33.554874
Switzerland,1984,29.559744
Switzerland,1985,29.6324
Switzerland,1986,29.059496
Switzerland,1987,30.830393
Switzerland,1988,31.572079
Switzerland,1989,28.203423
Switzerland,1990,26.99222
Switzerland,1991,28.263733
Switzerland,1992,28.394737
Switzerland,1993,31.083035
Switzerland,1994,32.318325
Switzerland,1995,30.77135
Switzerland,1996,26.179201
Switzerland,1997,28.93256
Switzerland,1998,28.326658
Switzerland,1999,32.331284
Switzerland,2000,30.638752
Switzerland,2001,31.928984
Switzerland,2002,29.157331
Switzerland,2003,28.983334
Switzerland,2004,28.4365
Switzerland,2005,27.377468
Switzerland,2006,26.049185
Switzerland,2007,29.711977
Switzerland,2008,29.249441
Switzerland,2009,28.93271
Switzerland,2010,29.882568
Switzerland,2011,28.442818
Switzerland,2012,31.854078
Switzerland,2013,30.987797
Switzerland,2014,32.27639
Switzerland,2015,33.1626
Switzerland,2016,32.287403
Switzerland,2017,32.014774
Switzerland,2018,31.950867
Switzerland,2019,33.137398
Switzerland,2020,36.21057
Switzerland,2021,36.716644
Taiwan,1965,10.86843
Taiwan,1966,10.439054
Taiwan,1967,9.467523
Taiwan,1968,12.089816
Taiwan,1969,9.123023
Taiwan,1970,7.867681
Taiwan,1971,6.759338
Taiwan,1972,7.4420853
Taiwan,1973,5.9530554
Taiwan,1974,8.604859
Taiwan,1975,8.733822
Taiwan,1976,5.838051
Taiwan,1977,4.9982214
Taiwan,1978,5.2226777
Taiwan,1979,4.524598
Taiwan,1980,2.749599
Taiwan,1981,4.8077273
Taiwan,1982,4.304235
Taiwan,1983,4.0560904
Taiwan,1984,3.418206
Taiwan,1985,4.4680967
Taiwan,1986,4.194708
Taiwan,1987,3.481769
Taiwan,1988,2.674821
Taiwan,1989,2.7342827
Taiwan,1990,3.3431942
Taiwan,1991,1.9690255
Taiwan,1992,3.0788274
Taiwan,1993,1.8557117
Taiwan,1994,2.141311
Taiwan,1995,1.9825535
Taiwan,1996,1.9023186
Taiwan,1997,1.9892831
Taiwan,1998,2.2135477
Taiwan,1999,1.8112775
Taiwan,2000,1.6464219
Taiwan,2001,1.820539
Taiwan,2002,1.2093642
Taiwan,2003,1.2677935
Taiwan,2004,1.2749457
Taiwan,2005,1.473228
Taiwan,2006,1.475401
Taiwan,2007,1.5262464
Taiwan,2008,1.5631176
Taiwan,2009,1.4994724
Taiwan,2010,1.5620868
Taiwan,2011,1.6331027
Taiwan,2012,1.9954244
Taiwan,2013,1.9780341
Taiwan,2014,1.7324574
Taiwan,2015,1.8325284
Taiwan,2016,2.2558503
Taiwan,2017,2.1802807
Taiwan,2018,2.1791105
Taiwan,2019,2.7165449
Taiwan,2020,2.7744627
Taiwan,2021,3.0361571
Thailand,1965,8.098696
Thailand,1966,8.597767
Thailand,1967,9.705655
Thailand,1968,7.769662
Thailand,1969,5.4768367
Thailand,1970,7.854706
Thailand,1971,8.126887
Thailand,1972,5.650623
Thailand,1973,5.797546
Thailand,1974,7.2853966
Thailand,1975,9.127364
Thailand,1976,9.248512
Thailand,1977,7.5471907
Thailand,1978,4.5728025
Thailand,1979,6.6539116
Thailand,1980,2.589578
Thailand,1981,6.015194
Thailand,1982,7.5709677
Thailand,1983,6.5891356
Thailand,1984,6.626251
Thailand,1985,5.7355323
Thailand,1986,8.074997
Thailand,1987,5.1940317
Thailand,1988,4.2621784
Thailand,1989,5.435299
Thailand,1990,4.073402
Thailand,1991,3.4002542
Thailand,1992,2.8629646
Thailand,1993,2.1971903
Thailand,1994,2.3979282
Thailand,1995,3.2421882
Thailand,1996,3.1586607
Thailand,1997,2.9777153
Thailand,1998,2.3759058
Thailand,1999,1.6081548
Thailand,2000,2.5746095
Thailand,2001,2.5714476
Thailand,2002,2.8180337
Thailand,2003,2.7227082
Thailand,2004,2.3133497
Thailand,2005,2.2752101
Thailand,2006,2.9778264
Thailand,2007,2.9363692
Thailand,2008,2.9482808
Thailand,2009,3.0501225
Thailand,2010,2.8064702
Thailand,2011,3.4573398
Thailand,2012,3.7705746
Thailand,2013,3.859155
Thailand,2014,4.2589955
Thailand,2015,4.1909814
Thailand,2016,4.5999756
Thailand,2017,5.3063264
Thailand,2018,6.3802214
Thailand,2019,6.9562197
Thailand,2020,6.9914207
Thailand,2021,7.113618
Trinidad and Tobago,1965,0.0
Trinidad and Tobago,1966,0.0
Trinidad and Tobago,1967,0.0
Trinidad and Tobago,1968,0.0
Trinidad and Tobago,1969,0.0
Trinidad and Tobago,1970,0.0
Trinidad and Tobago,1971,0.24740219
Trinidad and Tobago,1972,0.17949839
Trinidad and Tobago,1973,0.14994937
Trinidad and Tobago,1974,0.13420564
Trinidad and Tobago,1975,0.15323229
Trinidad and Tobago,1976,0.11258216
Trinidad and Tobago,1977,0.13099113
Trinidad and Tobago,1978,0.16403463
Trinidad and Tobago,1979,0.18565418
Trinidad and Tobago,1980,0.17309026
Trinidad and Tobago,1981,0.11979267
Trinidad and Tobago,1982,0.09663005
Trinidad and Tobago,1983,0.08803455
Trinidad and Tobago,1984,0.07256678
Trinidad and Tobago,1985,0.091819726
Trinidad and Tobago,1986,0.13506165
Trinidad and Tobago,1987,0.17057733
Trinidad and Tobago,1988,0.1351906
Trinidad and Tobago,1989,0.13232675
Trinidad and Tobago,1990,0.1421816
Trinidad and Tobago,1991,0.115011245
Trinidad and Tobago,1992,0.13038902
Trinidad and Tobago,1993,0.11545403
Trinidad and Tobago,1994,0.12450814
Trinidad and Tobago,1995,0.11839997
Trinidad and Tobago,1996,0.053836137
Trinidad and Tobago,1997,0.057017732
Trinidad and Tobago,1998,0.056172792
Trinidad and Tobago,1999,0.050541118
Trinidad and Tobago,2000,0.054040425
Trinidad and Tobago,2001,0.07365426
Trinidad and Tobago,2002,0.06166655
Trinidad and Tobago,2003,0.02733469
Trinidad and Tobago,2004,0.046458136
Trinidad and Tobago,2005,0.041819725
Trinidad and Tobago,2006,0.04218804
Trinidad and Tobago,2007,0.031051729
Trinidad and Tobago,2008,0.03328308
Trinidad and Tobago,2009,0.032574173
Trinidad and Tobago,2010,0.004750972
Trinidad and Tobago,2011,0.0048135966
Trinidad and Tobago,2012,0.0048528085
Trinidad and Tobago,2013,0.004740282
Trinidad and Tobago,2014,0.005310354
Trinidad and Tobago,2015,0.006235237
Trinidad and Tobago,2016,0.0069855326
Trinidad and Tobago,2017,0.0065434193
Trinidad and Tobago,2018,0.0062400484
Trinidad and Tobago,2019,0.006373613
Trinidad and Tobago,2020,0.0073120086
Trinidad and Tobago,2021,0.007159467
Turkey,1965,7.396099
Turkey,1966,6.9609694
Turkey,1967,6.99738
Turkey,1968,7.877497
Turkey,1969,7.791776
Turkey,1970,6.4751015
Turkey,1971,5.071615
Turkey,1972,5.530314
Turkey,1973,4.0500865
Turkey,1974,5.0477066
Turkey,1975,7.7707553
Turkey,1976,9.604342
Turkey,1977,9.040463
Turkey,1978,9.207899
Turkey,1979,10.752221
Turkey,1980,11.387237
Turkey,1981,12.502702
Turkey,1982,12.745108
Turkey,1983,9.873127
Turkey,1984,11.116494
Turkey,1985,9.229307
Turkey,1986,8.374288
Turkey,1987,11.513276
Turkey,1988,16.268532
Turkey,1989,10.282754
Turkey,1990,12.219702
Turkey,1991,11.752681
Turkey,1992,13.079587
Turkey,1993,15.372353
Turkey,1994,14.304976
Turkey,1995,14.924197
Turkey,1996,15.543943
Turkey,1997,14.665958
Turkey,1998,15.141606
Turkey,1999,12.753752
Turkey,2000,10.657172
Turkey,2001,9.108514
Turkey,2002,11.535796
Turkey,2003,11.330117
Turkey,2004,13.691692
Turkey,2005,11.418583
Turkey,2006,11.456921
Turkey,2007,8.7794895
Turkey,2008,8.211599
Turkey,2009,8.923344
Turkey,2010,12.280028
Turkey,2011,11.913782
Turkey,2012,12.522766
Turkey,2013,13.313222
Turkey,2014,9.769227
Turkey,2015,14.063813
Turkey,2016,14.479534
Turkey,2017,13.170472
Turkey,2018,14.846624
Turkey,2019,19.254936
Turkey,2020,19.15011
Turkey,2021,16.517044
Turkmenistan,1985,0.006192074
Turkmenistan,1986,0.0049751503
Turkmenistan,1987,0.0050011007
Turkmenistan,1988,0.0049674627
Turkmenistan,1989,0.0048344634
Turkmenistan,1990,0.0058338353
Turkmenistan,1991,0.0056805327
Turkmenistan,1992,0.008334941
Turkmenistan,1993,0.012083901
Turkmenistan,1994,0.009070907
Turkmenistan,1995,0.011020049
Turkmenistan,1996,0.00944812
Turkmenistan,1997,0.012338526
Turkmenistan,1998,0.011901928
Turkmenistan,1999,0.0103807915
Turkmenistan,2000,0.007789437
Turkmenistan,2001,0.006134593
Turkmenistan,2002,0.0072076363
Turkmenistan,2003,0.005189047
Turkmenistan,2004,0.0052081347
Turkmenistan,2005,0.005111974
Turkmenistan,2006,0.0050275014
Turkmenistan,2007,0.00514901
Turkmenistan,2008,0.0062377746
Turkmenistan,2009,0.0038020334
Turkmenistan,2010,0.0036830562
Turkmenistan,2011,0.003594085
Turkmenistan,2012,0.0037522675
Turkmenistan,2013,0.005074127
Turkmenistan,2014,0.0061142617
Turkmenistan,2015,0.006777034
Turkmenistan,2016,0.00823534
Turkmenistan,2017,0.008254031
Turkmenistan,2018,0.007368346
Turkmenistan,2019,0.006747688
Turkmenistan,2020,0.0071611474
Turkmenistan,2021,0.007483229
USSR,1965,3.4813333
USSR,1966,3.6910224
USSR,1967,3.3877106
USSR,1968,3.8358662
USSR,1969,4.067017
USSR,1970,4.1746306
USSR,1971,4.0343986
USSR,1972,3.7400339
USSR,1973,3.5433114
USSR,1974,3.623434
USSR,1975,3.294978
USSR,1976,3.416684
USSR,1977,3.5416842
USSR,1978,3.918541
USSR,1979,3.8662982
USSR,1980,4.043397
USSR,1981,4.019434
USSR,1982,3.6683857
USSR,1983,3.7095659
USSR,1984,4.0228815
Ukraine,1985,1.1391944
Ukraine,1986,1.1281
Ukraine,1987,0.99460196
Ukraine,1988,1.2357125
Ukraine,1989,1.0963215
Ukraine,1990,0.9731684
Ukraine,1991,1.1563052
Ukraine,1992,0.92114043
Ukraine,1993,1.4715108
Ukraine,1994,1.8900633
Ukraine,1995,1.5910708
Ukraine,1996,1.4804907
Ukraine,1997,1.7526177
Ukraine,1998,2.9008694
Ukraine,1999,2.6803248
Ukraine,2000,2.1038008
Ukraine,2001,2.264666
Ukraine,2002,1.8132339
Ukraine,2003,1.6885973
Ukraine,2004,2.1416073
Ukraine,2005,2.2117321
Ukraine,2006,2.263283
Ukraine,2007,1.8360311
Ukraine,2008,2.133
Ukraine,2009,2.5476246
Ukraine,2010,2.61006
Ukraine,2011,2.0985289
Ukraine,2012,2.138865
Ukraine,2013,3.0111837
Ukraine,2014,2.2846859
Ukraine,2015,1.9133266
Ukraine,2016,2.366657
Ukraine,2017,2.9754004
Ukraine,2018,3.4212277
Ukraine,2019,3.2903612
Ukraine,2020,4.8960786
Ukraine,2021,6.1008415
United Arab Emirates,1965,0.0
United Arab Emirates,1966,0.0
United Arab Emirates,1967,0.0
United Arab Emirates,1968,0.0
United Arab Emirates,1969,0.0
United Arab Emirates,1970,0.0
United Arab Emirates,1971,0.0
United Arab Emirates,1972,0.0
United Arab Emirates,1973,0.0
United Arab Emirates,1974,0.0
United Arab Emirates,1975,0.0
United Arab Emirates,1976,0.0
United Arab Emirates,1977,0.0
United Arab Emirates,1978,0.0
United Arab Emirates,1979,0.0
United Arab Emirates,1980,0.0
United Arab Emirates,1981,0.0
United Arab Emirates,1982,0.0
United Arab Emirates,1983,0.0
United Arab Emirates,1984,0.0
United Arab Emirates,1985,0.0
United Arab Emirates,1986,0.0
United Arab Emirates,1987,0.0
United Arab Emirates,1988,0.0
United Arab Emirates,1989,0.0
United Arab Emirates,1990,0.0
United Arab Emirates,1991,0.0
United Arab Emirates,1992,0.0
United Arab Emirates,1993,0.0
United Arab Emirates,1994,0.0
United Arab Emirates,1995,0.0
United Arab Emirates,1996,0.0
United Arab Emirates,1997,0.0
United Arab Emirates,1998,0.0
United Arab Emirates,1999,0.0
United Arab Emirates,2000,0.0
United Arab Emirates,2001,0.0
United Arab Emirates,2002,0.0
United Arab Emirates,2003,0.0
United Arab Emirates,2004,0.0
United Arab Emirates,2005,0.0
United Arab Emirates,2006,0.0
United Arab Emirates,2007,0.0
United Arab Emirates,2008,0.0
United Arab Emirates,2009,0.0019177264
United Arab Emirates,2010,0.005258371
United Arab Emirates,2011,0.005592252
United Arab Emirates,2012,0.006188438
United Arab Emirates,2013,0.020930015
United Arab Emirates,2014,0.07691704
United Arab Emirates,2015,0.06952883
United Arab Emirates,2016,0.06702232
United Arab Emirates,2017,0.15412748
United Arab Emirates,2018,0.2737676
United Arab Emirates,2019,0.79182535
United Arab Emirates,2020,1.0150354
United Kingdom,1965,0.58878726
United Kingdom,1966,0.57627946
United Kingdom,1967,0.620428
United Kingdom,1968,0.4564072
United Kingdom,1969,0.38531396
United Kingdom,1970,0.52578115
United Kingdom,1971,0.39834356
United Kingdom,1972,0.39256626
United Kingdom,1973,0.4255182
United Kingdom,1974,0.4752093
United Kingdom,1975,0.47519854
United Kingdom,1976,0.5503049
United Kingdom,1977,0.47088912
United Kingdom,1978,0.4820574
United Kingdom,1979,0.48675346
United Kingdom,1980,0.49102557
United Kingdom,1981,0.5643997
United Kingdom,1982,0.58695453
United Kingdom,1983,0.58459073
United Kingdom,1984,0.5849746
United Kingdom,1985,0.4892039
United Kingdom,1986,0.57397205
United Kingdom,1987,0.5047145
United Kingdom,1988,0.58119583
United Kingdom,1989,0.5676243
United Kingdom,1990,0.6801178
United Kingdom,1991,0.6104342
United Kingdom,1992,0.74249935
United Kingdom,1993,0.6676498
United Kingdom,1994,0.8253748
United Kingdom,1995,0.7896188
United Kingdom,1996,0.6443789
United Kingdom,1997,0.825345
United Kingdom,1998,0.9855972
United Kingdom,1999,1.1055505
United Kingdom,2000,1.1345575
United Kingdom,2001,1.0856745
United Kingdom,2002,1.2876195
United Kingdom,2003,1.2342336
United Kingdom,2004,1.6083946
United Kingdom,2005,1.924693
United Kingdom,2006,2.1163092
United Kingdom,2007,2.42211
United Kingdom,2008,2.912039
United Kingdom,2009,3.545405
United Kingdom,2010,3.6591299
United Kingdom,2011,4.891127
United Kingdom,2012,5.453807
United Kingdom,2013,6.9547257
United Kingdom,2014,8.877189
United Kingdom,2015,10.976621
United Kingdom,2016,11.037631
United Kingdom,2017,12.948246
United Kingdom,2018,14.526468
United Kingdom,2019,16.24154
United Kingdom,2020,20.078987
United Kingdom,2021,17.946543
United States of America,1965,4.36887
United States of America,1966,4.171402
United States of America,1967,4.542216
United States of America,1968,4.3309736
United States of America,1969,4.5988784
United States of America,1970,4.400803
United States of America,1971,4.614475
United States of America,1972,4.526047
United States of America,1973,4.3547597
United States of America,1974,4.902865
United States of America,1975,5.006975
United States of America,1976,4.5527077
United States of America,1977,3.549314
United States of America,1978,4.3275704
United States of America,1979,4.2914057
United States of America,1980,4.419221
United States of America,1981,4.3367486
United States of America,1982,5.2567115
United States of America,1983,5.6848154
United States of America,1984,5.3343606
United States of America,1985,4.765776
United States of America,1986,4.898404
United States of America,1987,4.2147536
United States of America,1988,3.6649997
United States of America,1989,4.3015428
United States of America,1990,4.7246766
United States of America,1991,4.7242856
United States of America,1992,4.261231
United States of America,1993,4.5714097
United States of America,1994,4.2548165
United States of America,1995,4.762141
United States of America,1996,5.0185714
United States of America,1997,5.115221
United States of America,1998,4.695757
United States of America,1999,4.5834517
United States of America,2000,4.027357
United States of America,2001,3.421371
United States of America,2002,4.0155067
United States of America,2003,4.1800404
United States of America,2004,4.1015115
United States of America,2005,4.219231
United States of America,2006,4.6788607
United States of America,2007,4.3730087
United States of America,2008,5.0045505
United States of America,2009,5.8000064
United States of America,2010,5.8405547
United States of America,2011,6.8973193
United States of America,2012,6.886334
United States of America,2013,7.1346164
United States of America,2014,7.262891
United States of America,2015,7.468743
United States of America,2016,8.285086
United States of America,2017,9.082049
United States of America,2018,8.964939
United States of America,2019,9.315263
United States of America,2020,10.532232
United States of America,2021,10.655991
Uzbekistan,1985,3.4388773
Uzbekistan,1986,2.9812472
Uzbekistan,1987,4.197023
Uzbekistan,1988,4.414184
Uzbekistan,1989,3.277205
Uzbekistan,1990,3.7738037
Uzbekistan,1991,3.4650934
Uzbekistan,1992,3.806538
Uzbekistan,1993,4.1460834
Uzbekistan,1994,4.1098585
Uzbekistan,1995,3.5991855
Uzbekistan,1996,3.6788318
Uzbekistan,1997,3.2915208
Uzbekistan,1998,3.286878
Uzbekistan,1999,2.8663542
Uzbekistan,2000,2.8995407
Uzbekistan,2001,2.9385922
Uzbekistan,2002,2.9276025
Uzbekistan,2003,3.6696591
Uzbekistan,2004,3.319612
Uzbekistan,2005,3.4994836
Uzbekistan,2006,3.1592808
Uzbekistan,2007,3.2355347
Uzbekistan,2008,2.3289878
Uzbekistan,2009,3.447852
Uzbekistan,2010,4.2804823
Uzbekistan,2011,2.823631
Uzbekistan,2012,3.2085803
Uzbekistan,2013,3.133465
Uzbekistan,2014,2.9718068
Uzbekistan,2015,3.0129926
Uzbekistan,2016,3.567936
Uzbekistan,2017,3.9722855
Uzbekistan,2018,2.9270332
Uzbekistan,2019,3.1970327
Uzbekistan,2020,2.523421
Uzbekistan,2021,2.6506786
Venezuela,1965,2.1140678
Venezuela,1966,2.1339145
Venezuela,1967,2.373532
Venezuela,1968,3.6946752
Venezuela,1969,4.241876
Venezuela,1970,5.4061537
Venezuela,1971,6.983937
Venezuela,1972,7.378936
Venezuela,1973,6.668883
Venezuela,1974,7.9816523
Venezuela,1975,8.893406
Venezuela,1976,9.633482
Venezuela,1977,9.939145
Venezuela,1978,9.782297
Venezuela,1979,10.329237
Venezuela,1980,9.454481
Venezuela,1981,9.426736
Venezuela,1982,9.688068
Venezuela,1983,11.105163
Venezuela,1984,12.205676
Venezuela,1985,13.293667
Venezuela,1986,13.745109
Venezuela,1987,16.863821
Venezuela,1988,17.953768
Venezuela,1989,18.045057
Venezuela,1990,18.11904
Venezuela,1991,21.675652
Venezuela,1992,21.255587
Venezuela,1993,21.57694
Venezuela,1994,21.46965
Venezuela,1995,20.915274
Venezuela,1996,22.46204
Venezuela,1997,22.598198
Venezuela,1998,21.551678
Venezuela,1999,22.529488
Venezuela,2000,22.723845
Venezuela,2001,20.884945
Venezuela,2002,20.203684
Venezuela,2003,21.840666
Venezuela,2004,23.130436
Venezuela,2005,24.533659
Venezuela,2006,24.401985
Venezuela,2007,23.413424
Venezuela,2008,24.75938
Venezuela,2009,24.415695
Venezuela,2010,22.484463
Venezuela,2011,23.65197
Venezuela,2012,22.079144
Venezuela,2013,21.720543
Venezuela,2014,22.182087
Venezuela,2015,20.7983
Venezuela,2016,19.946714
Venezuela,2017,21.93996
Venezuela,2018,22.038906
Venezuela,2019,22.608103
Venezuela,2020,30.139423
Venezuela,2021,28.434155
Vietnam,1965,3.4132664
Vietnam,1966,2.240063
Vietnam,1967,1.7923458
Vietnam,1968,1.9293603
Vietnam,1969,1.8376924
Vietnam,1970,1.9573318
Vietnam,1971,2.2463305
Vietnam,1972,1.5929766
Vietnam,1973,1.5021533
Vietnam,1974,2.01973
Vietnam,1975,2.1631021
Vietnam,1976,4.162711
Vietnam,1977,4.191827
Vietnam,1978,5.387956
Vietnam,1979,6.24933
Vietnam,1980,8.125603
Vietnam,1981,8.210464
Vietnam,1982,7.957215
Vietnam,1983,5.9674644
Vietnam,1984,7.7337303
Vietnam,1985,7.0842223
Vietnam,1986,6.225277
Vietnam,1987,5.4386163
Vietnam,1988,7.0410004
Vietnam,1989,15.831217
Vietnam,1990,20.584053
Vietnam,1991,23.790989
Vietnam,1992,24.912485
Vietnam,1993,24.039852
Vietnam,1994,24.972696
Vietnam,1995,24.608881
Vietnam,1996,24.358139
Vietnam,1997,20.527613
Vietnam,1998,18.064955
Vietnam,1999,21.659023
Vietnam,2000,20.092161
Vietnam,2001,22.102148
Vietnam,2002,20.06266
Vietnam,2003,19.297657
Vietnam,2004,14.763954
Vietnam,2005,12.846748
Vietnam,2006,16.60724
Vietnam,2007,17.202272
Vietnam,2008,16.009518
Vietnam,2009,17.94802
Vietnam,2010,14.7117405
Vietnam,2011,19.027452
Vietnam,2012,23.388845
Vietnam,2013,23.877512
Vietnam,2014,23.07397
Vietnam,2015,18.584494
Vietnam,2016,19.181915
Vietnam,2017,24.208347
Vietnam,2018,20.761816
Vietnam,2019,15.891139
Vietnam,2020,19.136663
Vietnam,2021,22.734407
